term,normalized_term,semantic_hint,source_name,source_url,source_family,source_authority_level,source_attested,derived_variant,parent_term,collision_risk,notes
3(c)(1),3(c)(1),LEGAL_CONCEPT,U.S. Securities and Exchange Commission — Small Business Capital Formation Glossary,https://www.sec.gov/resources-small-businesses/glossary,FEDERAL_REGULATOR_SECURITIES,HIGH,True,False,,MEDIUM,securities-law section shorthand
3(c)(7),3(c)(7),LEGAL_CONCEPT,U.S. Securities and Exchange Commission — Small Business Capital Formation Glossary,https://www.sec.gov/resources-small-businesses/glossary,FEDERAL_REGULATOR_SECURITIES,HIGH,True,False,,MEDIUM,securities-law section shorthand
341 meeting,341 meeting,PROCESS_EVENT|COURT_PROCEDURE,U.S. Court of Appeals for the Ninth Circuit — Glossary of Legal Terms,https://www.ca9.uscourts.gov/guides-resources/glossary/,FEDERAL_APPELLATE_COURT,HIGH,True,False,,LOW,bankruptcy
abandoned application (trademarks),abandoned application (trademarks),LEGAL_CONCEPT,U.S. Patent and Trademark Office — Glossary,https://www.uspto.gov/learning-and-resources/glossary,FEDERAL_REGULATOR_IP,HIGH,True,False,,LOW,
abandonment (patent),abandonment (patent),LEGAL_CONCEPT,U.S. Patent and Trademark Office — Glossary,https://www.uspto.gov/learning-and-resources/glossary,FEDERAL_REGULATOR_IP,HIGH,True,False,,MEDIUM,ordinary/legal collision
Abstract of Judgment,abstract of judgment,DOCUMENT,"Superior Court of California, County of San Bernardino — Glossary of Civil Terms",https://sanbernardino.courts.ca.gov/divisions/civil/glossary-civil-terms,STATE_JUDICIARY_GLOSSARY,HIGH,True,False,,LOW,
abstract of the disclosure,abstract of the disclosure,DOCUMENT,U.S. Patent and Trademark Office — Glossary,https://www.uspto.gov/learning-and-resources/glossary,FEDERAL_REGULATOR_IP,HIGH,True,False,,LOW,patent
Accelerated Filer,accelerated filer,ROLE|LEGAL_CONCEPT,U.S. Securities and Exchange Commission — Small Business Capital Formation Glossary,https://www.sec.gov/resources-small-businesses/glossary,FEDERAL_REGULATOR_SECURITIES,HIGH,True,False,,LOW,
Accelerator,accelerator,ORGANIZATION,U.S. Securities and Exchange Commission — Small Business Capital Formation Glossary,https://www.sec.gov/resources-small-businesses/glossary,FEDERAL_REGULATOR_SECURITIES,HIGH,True,False,,HIGH,ordinary/business collision
Accounts Payable,accounts payable,OTHER_DOMAIN_TERM,U.S. Securities and Exchange Commission — Small Business Capital Formation Glossary,https://www.sec.gov/resources-small-businesses/glossary,FEDERAL_REGULATOR_SECURITIES,HIGH,True,False,,HIGH,finance/accounting collision
Accounts Receivable,accounts receivable,OTHER_DOMAIN_TERM,U.S. Securities and Exchange Commission — Small Business Capital Formation Glossary,https://www.sec.gov/resources-small-businesses/glossary,FEDERAL_REGULATOR_SECURITIES,HIGH,True,False,,HIGH,finance/accounting collision
Acquittal,acquittal,PROCESS_EVENT,U.S. Courts — Glossary of Legal Terms,https://www.uscourts.gov/glossary,FEDERAL_JUDICIARY_GLOSSARY,HIGH,True,False,,LOW,
active judge,active judge,ROLE,U.S. Court of Appeals for the Ninth Circuit — Glossary of Legal Terms,https://www.ca9.uscourts.gov/guides-resources/glossary/,FEDERAL_APPELLATE_COURT,HIGH,True,False,,MEDIUM,
Administrative law judge,administrative law judge,ROLE,U.S. Courts — Glossary of Legal Terms,https://www.uscourts.gov/glossary,FEDERAL_JUDICIARY_GLOSSARY,HIGH,True,False,,MEDIUM,
Administrative Motion to File Under Seal,administrative motion to file under seal,DOCUMENT|COURT_PROCEDURE,"U.S. District Court, Northern District of California — E-Filing Case Documents",https://cand.uscourts.gov/cases-e-filing/cmecf-information/e-filing-case-documents,FEDERAL_DISTRICT_COURT_PROCEDURE,HIGH,True,False,,LOW,
Administrative Office of the United States Courts (AO),administrative office of the united states courts (ao),ORGANIZATION,U.S. Courts — Glossary of Legal Terms,https://www.uscourts.gov/glossary,FEDERAL_JUDICIARY_GLOSSARY,HIGH,True,False,,LOW,
Admissible,admissible,LEGAL_CONCEPT,U.S. Courts — Glossary of Legal Terms,https://www.uscourts.gov/glossary,FEDERAL_JUDICIARY_GLOSSARY,HIGH,True,False,,MEDIUM,ordinary English collision
Adversary proceeding,adversary proceeding,COURT_PROCEDURE,U.S. Courts — Glossary of Legal Terms,https://www.uscourts.gov/glossary,FEDERAL_JUDICIARY_GLOSSARY,HIGH,True,False,,LOW,bankruptcy
adverse employment action,adverse employment action,LEGAL_CONCEPT,U.S. Equal Employment Opportunity Commission — Small Business Glossary/Resources,https://www.eeoc.gov/employers/small-business,FEDERAL_REGULATOR_EMPLOYMENT,HIGH,True,False,,LOW,employment law
Affidavit,affidavit,DOCUMENT,U.S. Courts — Glossary of Legal Terms,https://www.uscourts.gov/glossary,FEDERAL_JUDICIARY_GLOSSARY,HIGH,True,False,,LOW,
Affirmed,affirmed,PROCESS_EVENT,U.S. Courts — Glossary of Legal Terms,https://www.uscourts.gov/glossary,FEDERAL_JUDICIARY_GLOSSARY,HIGH,True,False,,MEDIUM,ordinary English collision
Alford plea,alford plea,COURT_PROCEDURE|LEGAL_CONCEPT,U.S. Department of Justice — Justice 101 Legal Terms Glossary,https://www.justice.gov/usao/justice-101/glossary,DOJ_GLOSSARY,HIGH,True,False,,LOW,criminal procedure
allegation,allegation,LEGAL_CONCEPT,U.S. Department of Justice — Justice 101 Legal Terms Glossary,https://www.justice.gov/usao/justice-101/glossary,DOJ_GLOSSARY,HIGH,True,False,,MEDIUM,ordinary English collision
Alternate juror,alternate juror,ROLE,U.S. Courts — Glossary of Legal Terms,https://www.uscourts.gov/glossary,FEDERAL_JUDICIARY_GLOSSARY,HIGH,True,False,,LOW,
Alternative dispute resolution (ADR),alternative dispute resolution (adr),PROCESS_EVENT|LEGAL_CONCEPT,U.S. Courts — Glossary of Legal Terms,https://www.uscourts.gov/glossary,FEDERAL_JUDICIARY_GLOSSARY,HIGH,True,False,,LOW,
Amend,amend,COURT_PROCEDURE,"Superior Court of California, County of San Bernardino — Glossary of Civil Terms",https://sanbernardino.courts.ca.gov/divisions/civil/glossary-civil-terms,STATE_JUDICIARY_GLOSSARY,HIGH,True,False,,HIGH,ordinary verb collision
Amended vs. Amendment,amended vs. amendment,LEGAL_CONCEPT,"Superior Court of California, County of San Bernardino — Glossary of Civil Terms",https://sanbernardino.courts.ca.gov/divisions/civil/glossary-civil-terms,STATE_JUDICIARY_GLOSSARY,HIGH,True,False,,MEDIUM,source heading
Amicus curiae,amicus curiae,ROLE|LEGAL_CONCEPT,U.S. Courts — Glossary of Legal Terms,https://www.uscourts.gov/glossary,FEDERAL_JUDICIARY_GLOSSARY,HIGH,True,False,,LOW,Latin phrase
Answer,answer,DOCUMENT|COURT_PROCEDURE,U.S. Courts — Glossary of Legal Terms,https://www.uscourts.gov/glossary,FEDERAL_JUDICIARY_GLOSSARY,HIGH,True,False,,HIGH,ordinary English collision
Appeal,appeal,COURT_PROCEDURE,U.S. Courts — Glossary of Legal Terms,https://www.uscourts.gov/glossary,FEDERAL_JUDICIARY_GLOSSARY,HIGH,True,False,,MEDIUM,ordinary English collision
appeal (trademarks),appeal (trademarks),COURT_PROCEDURE,U.S. Patent and Trademark Office — Glossary,https://www.uspto.gov/learning-and-resources/glossary,FEDERAL_REGULATOR_IP,HIGH,True,False,,LOW,administrative IP
Appellant,appellant,ROLE,U.S. Courts — Glossary of Legal Terms,https://www.uscourts.gov/glossary,FEDERAL_JUDICIARY_GLOSSARY,HIGH,True,False,,LOW,
Appellate,appellate,LEGAL_CONCEPT,U.S. Courts — Glossary of Legal Terms,https://www.uscourts.gov/glossary,FEDERAL_JUDICIARY_GLOSSARY,HIGH,True,False,,MEDIUM,
Appellee,appellee,ROLE,U.S. Courts — Glossary of Legal Terms,https://www.uscourts.gov/glossary,FEDERAL_JUDICIARY_GLOSSARY,HIGH,True,False,,LOW,
application filing date (trademarks),application filing date (trademarks),IDENTIFIER_TYPE,U.S. Patent and Trademark Office — Glossary,https://www.uspto.gov/learning-and-resources/glossary,FEDERAL_REGULATOR_IP,HIGH,True,False,,LOW,
Application number (US) (patent),application number (us) (patent),IDENTIFIER_TYPE,U.S. Patent and Trademark Office — Glossary,https://www.uspto.gov/learning-and-resources/glossary,FEDERAL_REGULATOR_IP,HIGH,True,False,,LOW,
arbitrary trademarks,arbitrary trademarks,LEGAL_CONCEPT,U.S. Patent and Trademark Office — Glossary,https://www.uspto.gov/learning-and-resources/glossary,FEDERAL_REGULATOR_IP,HIGH,True,False,,LOW,
Arbitration,arbitration,PROCESS_EVENT,U.S. Courts — Glossary of Legal Terms,https://www.uscourts.gov/glossary,FEDERAL_JUDICIARY_GLOSSARY,HIGH,True,False,,LOW,
arbitrator,arbitrator,ROLE,"U.S. District Court, Northern District of California — Mediation",https://cand.uscourts.gov/about-court/court-programs-services/alternative-dispute-resolution-adr/mediation,FEDERAL_DISTRICT_COURT_ADR,HIGH,True,False,,LOW,
Arraignment,arraignment,COURT_PROCEDURE|PROCESS_EVENT,U.S. Courts — Glossary of Legal Terms,https://www.uscourts.gov/glossary,FEDERAL_JUDICIARY_GLOSSARY,HIGH,True,False,,LOW,
arrest warrant,arrest warrant,DOCUMENT|COURT_PROCEDURE,U.S. Department of Justice — Justice 101 Legal Terms Glossary,https://www.justice.gov/usao/justice-101/glossary,DOJ_GLOSSARY,HIGH,True,False,,LOW,
Article III judge,article iii judge,ROLE,U.S. Courts — Glossary of Legal Terms,https://www.uscourts.gov/glossary,FEDERAL_JUDICIARY_GLOSSARY,HIGH,True,False,,LOW,
Asset or No Asset Cases,asset or no asset cases,LEGAL_CONCEPT,"U.S. Bankruptcy Court, District of Nevada — Bankruptcy Terminology",https://www.nvb.uscourts.gov/filing/bankruptcy-basics/bankruptcy-terminology/,FEDERAL_BANKRUPTCY_COURT,HIGH,True,False,,LOW,
Assets,assets,LEGAL_CONCEPT,U.S. Courts — Glossary of Legal Terms,https://www.uscourts.gov/glossary,FEDERAL_JUDICIARY_GLOSSARY,HIGH,True,False,,HIGH,cross-domain financial term
assignee,assignee,ROLE,U.S. Patent and Trademark Office — Glossary,https://www.uspto.gov/learning-and-resources/glossary,FEDERAL_REGULATOR_IP,HIGH,True,False,,MEDIUM,contract/IP
assignment (patent),assignment (patent),DOCUMENT|LEGAL_CONCEPT,U.S. Patent and Trademark Office — Glossary,https://www.uspto.gov/learning-and-resources/glossary,FEDERAL_REGULATOR_IP,HIGH,True,False,,MEDIUM,
assignment (trademarks),assignment (trademarks),DOCUMENT|LEGAL_CONCEPT,U.S. Patent and Trademark Office — Glossary,https://www.uspto.gov/learning-and-resources/glossary,FEDERAL_REGULATOR_IP,HIGH,True,False,,MEDIUM,
Assignment Center,assignment center,OTHER_DOMAIN_TERM,U.S. Patent and Trademark Office — Glossary,https://www.uspto.gov/learning-and-resources/glossary,FEDERAL_REGULATOR_IP,HIGH,True,False,,MEDIUM,USPTO system
Assume,assume,LEGAL_CONCEPT,U.S. Courts — Glossary of Legal Terms,https://www.uscourts.gov/glossary,FEDERAL_JUDICIARY_GLOSSARY,HIGH,True,False,,HIGH,ordinary English; bankruptcy/contract sense
Authorized user,authorized user,ROLE,Federal Trade Commission — Safeguards Rule Small Entity Compliance Guide,https://www.ftc.gov/business-guidance/resources/ftc-safeguards-rule-what-your-business-needs-know,FEDERAL_REGULATOR_PRIVACY_SECURITY,HIGH,True,False,,HIGH,computing collision
Automatic stay,automatic stay,COURT_PROCEDURE|LEGAL_CONCEPT,U.S. Courts — Glossary of Legal Terms,https://www.uscourts.gov/glossary,FEDERAL_JUDICIARY_GLOSSARY,HIGH,True,False,,LOW,bankruptcy
Bail,bail,LEGAL_CONCEPT,U.S. Courts — Glossary of Legal Terms,https://www.uscourts.gov/glossary,FEDERAL_JUDICIARY_GLOSSARY,HIGH,True,False,,MEDIUM,
Bankruptcy,bankruptcy,PROCESS_EVENT|LEGAL_CONCEPT,U.S. Courts — Glossary of Legal Terms,https://www.uscourts.gov/glossary,FEDERAL_JUDICIARY_GLOSSARY,HIGH,True,False,,LOW,
Bankruptcy administrator,bankruptcy administrator,ROLE,U.S. Courts — Glossary of Legal Terms,https://www.uscourts.gov/glossary,FEDERAL_JUDICIARY_GLOSSARY,HIGH,True,False,,LOW,
Bankruptcy code,bankruptcy code,DOCUMENT|LEGAL_CONCEPT,U.S. Courts — Glossary of Legal Terms,https://www.uscourts.gov/glossary,FEDERAL_JUDICIARY_GLOSSARY,HIGH,True,False,,LOW,
Bankruptcy court,bankruptcy court,ORGANIZATION,U.S. Courts — Glossary of Legal Terms,https://www.uscourts.gov/glossary,FEDERAL_JUDICIARY_GLOSSARY,HIGH,True,False,,LOW,
Bankruptcy estate,bankruptcy estate,LEGAL_CONCEPT,U.S. Courts — Glossary of Legal Terms,https://www.uscourts.gov/glossary,FEDERAL_JUDICIARY_GLOSSARY,HIGH,True,False,,LOW,
Bankruptcy judge,bankruptcy judge,ROLE,U.S. Courts — Glossary of Legal Terms,https://www.uscourts.gov/glossary,FEDERAL_JUDICIARY_GLOSSARY,HIGH,True,False,,LOW,
Bankruptcy petition,bankruptcy petition,DOCUMENT|COURT_PROCEDURE,U.S. Courts — Glossary of Legal Terms,https://www.uscourts.gov/glossary,FEDERAL_JUDICIARY_GLOSSARY,HIGH,True,False,,LOW,
bankruptcy trustee,bankruptcy trustee,ROLE,U.S. Court of Appeals for the Ninth Circuit — Glossary of Legal Terms,https://www.ca9.uscourts.gov/guides-resources/glossary/,FEDERAL_APPELLATE_COURT,HIGH,True,False,,LOW,
Bench trial,bench trial,PROCESS_EVENT|COURT_PROCEDURE,U.S. Courts — Glossary of Legal Terms,https://www.uscourts.gov/glossary,FEDERAL_JUDICIARY_GLOSSARY,HIGH,True,False,,LOW,
Beneficiary,beneficiary,ROLE,California Courts Self-Help — Common Words in Probate Cases,https://selfhelp.courts.ca.gov/probate/terms,STATE_JUDICIARY_PROBATE,HIGH,True,False,,MEDIUM,cross-domain finance/trust
beyond a reasonable doubt,beyond a reasonable doubt,LEGAL_CONCEPT,U.S. Department of Justice — Justice 101 Legal Terms Glossary,https://www.justice.gov/usao/justice-101/glossary,DOJ_GLOSSARY,HIGH,True,False,,LOW,standard of proof
binding precedent,binding precedent,LEGAL_CONCEPT,U.S. Department of Justice — Justice 101 Legal Terms Glossary,https://www.justice.gov/usao/justice-101/glossary,DOJ_GLOSSARY,HIGH,True,False,,LOW,
Blocked Account,blocked account,LEGAL_CONCEPT,"Superior Court of California, County of San Bernardino — Glossary of Civil Terms",https://sanbernardino.courts.ca.gov/divisions/civil/glossary-civil-terms,STATE_JUDICIARY_GLOSSARY,HIGH,True,False,,MEDIUM,
Blue Sky Laws,blue sky laws,LEGAL_CONCEPT,U.S. Securities and Exchange Commission — Small Business Capital Formation Glossary,https://www.sec.gov/resources-small-businesses/glossary,FEDERAL_REGULATOR_SECURITIES,HIGH,True,False,,LOW,
breach notification requirements,breach notification requirements,LEGAL_CONCEPT,Federal Trade Commission — Safeguards Rule Small Entity Compliance Guide,https://www.ftc.gov/business-guidance/resources/ftc-safeguards-rule-what-your-business-needs-know,FEDERAL_REGULATOR_PRIVACY_SECURITY,HIGH,True,False,,LOW,privacy/security
Brief,brief,DOCUMENT,U.S. Courts — Glossary of Legal Terms,https://www.uscourts.gov/glossary,FEDERAL_JUDICIARY_GLOSSARY,HIGH,True,False,,HIGH,ordinary English collision
Burden of proof,burden of proof,LEGAL_CONCEPT,U.S. Courts — Glossary of Legal Terms,https://www.uscourts.gov/glossary,FEDERAL_JUDICIARY_GLOSSARY,HIGH,True,False,,LOW,
Burn Rate,burn rate,OTHER_DOMAIN_TERM,U.S. Securities and Exchange Commission — Small Business Capital Formation Glossary,https://www.sec.gov/resources-small-businesses/glossary,FEDERAL_REGULATOR_SECURITIES,HIGH,True,False,,HIGH,business collision
Business bankruptcy,business bankruptcy,LEGAL_CONCEPT|PROCESS_EVENT,U.S. Courts — Glossary of Legal Terms | U.S. Court of Appeals for the Ninth Circuit — Glossary of Legal Terms,https://www.uscourts.gov/glossary | https://www.ca9.uscourts.gov/guides-resources/glossary/,FEDERAL_JUDICIARY_GLOSSARY | FEDERAL_APPELLATE_COURT,HIGH | HIGH,True,False,,LOW,multiple independent source attestations
Business Development Company (BDC),business development company (bdc),ORGANIZATION|LEGAL_CONCEPT,U.S. Securities and Exchange Commission — Small Business Capital Formation Glossary,https://www.sec.gov/resources-small-businesses/glossary,FEDERAL_REGULATOR_SECURITIES,HIGH,True,False,,LOW,
bypass continuing application,bypass continuing application,DOCUMENT|LEGAL_CONCEPT,U.S. Patent and Trademark Office — Glossary,https://www.uspto.gov/learning-and-resources/glossary,FEDERAL_REGULATOR_IP,HIGH,True,False,,LOW,
canceled claim (patent),canceled claim (patent),LEGAL_CONCEPT,U.S. Patent and Trademark Office — Glossary,https://www.uspto.gov/learning-and-resources/glossary,FEDERAL_REGULATOR_IP,HIGH,True,False,,LOW,
canceled registration,canceled registration,LEGAL_CONCEPT,U.S. Patent and Trademark Office — Glossary,https://www.uspto.gov/learning-and-resources/glossary,FEDERAL_REGULATOR_IP,HIGH,True,False,,LOW,
cancellation proceeding,cancellation proceeding,COURT_PROCEDURE|PROCESS_EVENT,U.S. Patent and Trademark Office — Glossary,https://www.uspto.gov/learning-and-resources/glossary,FEDERAL_REGULATOR_IP,HIGH,True,False,,LOW,
Capital offense,capital offense,LEGAL_CONCEPT,U.S. Courts — Glossary of Legal Terms,https://www.uscourts.gov/glossary,FEDERAL_JUDICIARY_GLOSSARY,HIGH,True,False,,LOW,
Capitalization Table,capitalization table,DOCUMENT,U.S. Securities and Exchange Commission — Small Business Capital Formation Glossary,https://www.sec.gov/resources-small-businesses/glossary,FEDERAL_REGULATOR_SECURITIES,HIGH,True,False,,LOW,
Case ancillary to a foreign proceeding,case ancillary to a foreign proceeding,COURT_PROCEDURE,U.S. Courts — Glossary of Legal Terms,https://www.uscourts.gov/glossary,FEDERAL_JUDICIARY_GLOSSARY,HIGH,True,False,,LOW,
Case file,case file,DOCUMENT,U.S. Courts — Glossary of Legal Terms,https://www.uscourts.gov/glossary,FEDERAL_JUDICIARY_GLOSSARY,HIGH,True,False,,MEDIUM,
case information,case information,OTHER_DOMAIN_TERM,PACER — Federal Court Records / CM/ECF FAQs,https://pacer.uscourts.gov/help/faqs/what-cmecf,FEDERAL_COURT_EFILING,HIGH,True,False,,HIGH,ordinary phrase
Case law,case law,LEGAL_CONCEPT,U.S. Courts — Glossary of Legal Terms,https://www.uscourts.gov/glossary,FEDERAL_JUDICIARY_GLOSSARY,HIGH,True,False,,LOW,
Case Management/Electronic Case Files (CM/ECF),case management/electronic case files (cm/ecf),OTHER_DOMAIN_TERM,PACER — Federal Court Records / CM/ECF FAQs,https://pacer.uscourts.gov/help/faqs/what-cmecf,FEDERAL_COURT_EFILING,HIGH,True,False,,LOW,federal e-filing system
Caseload,caseload,OTHER_DOMAIN_TERM,U.S. Courts — Glossary of Legal Terms,https://www.uscourts.gov/glossary,FEDERAL_JUDICIARY_GLOSSARY,HIGH,True,False,,MEDIUM,
Cause of action,cause of action,LEGAL_CONCEPT,U.S. Courts — Glossary of Legal Terms,https://www.uscourts.gov/glossary,FEDERAL_JUDICIARY_GLOSSARY,HIGH,True,False,,LOW,
Certificate of Assignment,certificate of assignment,DOCUMENT,"Superior Court of California, County of San Bernardino — Glossary of Civil Terms",https://sanbernardino.courts.ca.gov/divisions/civil/glossary-civil-terms,STATE_JUDICIARY_GLOSSARY,HIGH,True,False,,LOW,
Chambers,chambers,OTHER_DOMAIN_TERM,U.S. Courts — Glossary of Legal Terms,https://www.uscourts.gov/glossary,FEDERAL_JUDICIARY_GLOSSARY,HIGH,True,False,,HIGH,ordinary/geographic/name collision
Chapter 11,chapter 11,LEGAL_CONCEPT,U.S. Courts — Glossary of Legal Terms,https://www.uscourts.gov/glossary,FEDERAL_JUDICIARY_GLOSSARY,HIGH,True,False,,MEDIUM,
Chapter 12,chapter 12,LEGAL_CONCEPT,U.S. Courts — Glossary of Legal Terms,https://www.uscourts.gov/glossary,FEDERAL_JUDICIARY_GLOSSARY,HIGH,True,False,,MEDIUM,
Chapter 13,chapter 13,LEGAL_CONCEPT,U.S. Courts — Glossary of Legal Terms,https://www.uscourts.gov/glossary,FEDERAL_JUDICIARY_GLOSSARY,HIGH,True,False,,MEDIUM,
Chapter 13 trustee,chapter 13 trustee,ROLE,U.S. Courts — Glossary of Legal Terms,https://www.uscourts.gov/glossary,FEDERAL_JUDICIARY_GLOSSARY,HIGH,True,False,,LOW,
Chapter 15,chapter 15,LEGAL_CONCEPT,U.S. Courts — Glossary of Legal Terms,https://www.uscourts.gov/glossary,FEDERAL_JUDICIARY_GLOSSARY,HIGH,True,False,,MEDIUM,
Chapter 7,chapter 7,LEGAL_CONCEPT,U.S. Courts — Glossary of Legal Terms,https://www.uscourts.gov/glossary,FEDERAL_JUDICIARY_GLOSSARY,HIGH,True,False,,MEDIUM,numeric/common-context collision
Chapter 7 trustee,chapter 7 trustee,ROLE,U.S. Courts — Glossary of Legal Terms,https://www.uscourts.gov/glossary,FEDERAL_JUDICIARY_GLOSSARY,HIGH,True,False,,LOW,
Chapter 9,chapter 9,LEGAL_CONCEPT,U.S. Courts — Glossary of Legal Terms,https://www.uscourts.gov/glossary,FEDERAL_JUDICIARY_GLOSSARY,HIGH,True,False,,MEDIUM,
charge of discrimination,charge of discrimination,DOCUMENT|PROCESS_EVENT,U.S. Equal Employment Opportunity Commission — Small Business Glossary/Resources,https://www.eeoc.gov/employers/small-business,FEDERAL_REGULATOR_EMPLOYMENT,HIGH,True,False,,LOW,employment law
Chief judge,chief judge,ROLE,U.S. Courts — Glossary of Legal Terms,https://www.uscourts.gov/glossary,FEDERAL_JUDICIARY_GLOSSARY,HIGH,True,False,,LOW,
Circuit Executive,circuit executive,ROLE,U.S. Courts — Glossary of Legal Terms,https://www.uscourts.gov/glossary,FEDERAL_JUDICIARY_GLOSSARY,HIGH,True,False,,MEDIUM,ambiguous professional title
Civil Case,civil case,LEGAL_CONCEPT,"Superior Court of California, County of San Bernardino — Glossary of Civil Terms",https://sanbernardino.courts.ca.gov/divisions/civil/glossary-civil-terms,STATE_JUDICIARY_GLOSSARY,HIGH,True,False,,MEDIUM,
Civil Case Cover Sheet,civil case cover sheet,DOCUMENT,"Superior Court of California, County of San Bernardino — Glossary of Civil Terms",https://sanbernardino.courts.ca.gov/divisions/civil/glossary-civil-terms,STATE_JUDICIARY_GLOSSARY,HIGH,True,False,,LOW,
Claim,claim,LEGAL_CONCEPT,U.S. Courts — Glossary of Legal Terms,https://www.uscourts.gov/glossary,FEDERAL_JUDICIARY_GLOSSARY,HIGH,True,False,,HIGH,ordinary/professional collision
Class action,class action,COURT_PROCEDURE|LEGAL_CONCEPT,U.S. Courts — Glossary of Legal Terms,https://www.uscourts.gov/glossary,FEDERAL_JUDICIARY_GLOSSARY,HIGH,True,False,,LOW,
Clerk of court,clerk of court,ROLE,U.S. Courts — Glossary of Legal Terms,https://www.uscourts.gov/glossary,FEDERAL_JUDICIARY_GLOSSARY,HIGH,True,False,,LOW,
Common Stock,common stock,LEGAL_CONCEPT,U.S. Securities and Exchange Commission — Small Business Capital Formation Glossary,https://www.sec.gov/resources-small-businesses/glossary,FEDERAL_REGULATOR_SECURITIES,HIGH,True,False,,MEDIUM,finance collision
Complaint,complaint,DOCUMENT|COURT_PROCEDURE,"Superior Court of California, County of San Bernardino — Glossary of Civil Terms",https://sanbernardino.courts.ca.gov/divisions/civil/glossary-civil-terms,STATE_JUDICIARY_GLOSSARY,HIGH,True,False,,MEDIUM,ordinary complaint collision
Complaint in Intervention,complaint in intervention,DOCUMENT|COURT_PROCEDURE,"Superior Court of California, County of San Bernardino — Glossary of Civil Terms",https://sanbernardino.courts.ca.gov/divisions/civil/glossary-civil-terms,STATE_JUDICIARY_GLOSSARY,HIGH,True,False,,LOW,
Concurrent sentence,concurrent sentence,LEGAL_CONCEPT,U.S. Courts — Glossary of Legal Terms,https://www.uscourts.gov/glossary,FEDERAL_JUDICIARY_GLOSSARY,HIGH,True,False,,LOW,
Confirmation,confirmation,PROCESS_EVENT,U.S. Courts — Glossary of Legal Terms,https://www.uscourts.gov/glossary,FEDERAL_JUDICIARY_GLOSSARY,HIGH,True,False,,HIGH,ordinary/cross-domain collision
conflicting trademark,conflicting trademark,LEGAL_CONCEPT,U.S. Patent and Trademark Office — Glossary,https://www.uspto.gov/learning-and-resources/glossary,FEDERAL_REGULATOR_IP,HIGH,True,False,,LOW,
Consecutive sentence,consecutive sentence,LEGAL_CONCEPT,U.S. Courts — Glossary of Legal Terms,https://www.uscourts.gov/glossary,FEDERAL_JUDICIARY_GLOSSARY,HIGH,True,False,,LOW,
consent decree,consent decree,DOCUMENT|LEGAL_CONCEPT,"U.S. District Court, Northern District of California — Mediation",https://cand.uscourts.gov/about-court/court-programs-services/alternative-dispute-resolution-adr/mediation,FEDERAL_DISTRICT_COURT_ADR,HIGH,True,False,,LOW,
consisting of,consisting of,LEGAL_CONCEPT,U.S. Patent and Trademark Office — Glossary,https://www.uspto.gov/learning-and-resources/glossary,FEDERAL_REGULATOR_IP,HIGH,True,False,,HIGH,ordinary phrase; patent claim transition
Consumer bankruptcy,consumer bankruptcy,LEGAL_CONCEPT,U.S. Courts — Glossary of Legal Terms,https://www.uscourts.gov/glossary,FEDERAL_JUDICIARY_GLOSSARY,HIGH,True,False,,LOW,
Consumer debtor,consumer debtor,ROLE|LEGAL_CONCEPT,U.S. Courts — Glossary of Legal Terms,https://www.uscourts.gov/glossary,FEDERAL_JUDICIARY_GLOSSARY,HIGH,True,False,,LOW,
Consumer debts,consumer debts,LEGAL_CONCEPT,U.S. Courts — Glossary of Legal Terms,https://www.uscourts.gov/glossary,FEDERAL_JUDICIARY_GLOSSARY,HIGH,True,False,,MEDIUM,
Contested matter,contested matter,COURT_PROCEDURE,U.S. Courts — Glossary of Legal Terms,https://www.uscourts.gov/glossary,FEDERAL_JUDICIARY_GLOSSARY,HIGH,True,False,,LOW,bankruptcy
Contingent claim,contingent claim,LEGAL_CONCEPT,U.S. Courts — Glossary of Legal Terms,https://www.uscourts.gov/glossary,FEDERAL_JUDICIARY_GLOSSARY,HIGH,True,False,,MEDIUM,
continuation,continuation,LEGAL_CONCEPT,U.S. Patent and Trademark Office — Glossary,https://www.uspto.gov/learning-and-resources/glossary,FEDERAL_REGULATOR_IP,HIGH,True,False,,HIGH,ordinary English collision
Contract,contract,DOCUMENT|LEGAL_CONCEPT,U.S. Courts — Glossary of Legal Terms,https://www.uscourts.gov/glossary,FEDERAL_JUDICIARY_GLOSSARY,HIGH,True,False,,MEDIUM,common business term
Conviction,conviction,PROCESS_EVENT|LEGAL_CONCEPT,U.S. Courts — Glossary of Legal Terms,https://www.uscourts.gov/glossary,FEDERAL_JUDICIARY_GLOSSARY,HIGH,True,False,,LOW,
Coordination,coordination,COURT_PROCEDURE,"Superior Court of California, County of San Bernardino — Glossary of Civil Terms",https://sanbernardino.courts.ca.gov/divisions/civil/glossary-civil-terms,STATE_JUDICIARY_GLOSSARY,HIGH,True,False,,HIGH,ordinary/cross-domain collision
Costs,costs,LEGAL_CONCEPT,"Superior Court of California, County of San Bernardino — Glossary of Civil Terms",https://sanbernardino.courts.ca.gov/divisions/civil/glossary-civil-terms,STATE_JUDICIARY_GLOSSARY,HIGH,True,False,,HIGH,ordinary/business collision
Counsel,counsel,ROLE,U.S. Courts — Glossary of Legal Terms,https://www.uscourts.gov/glossary,FEDERAL_JUDICIARY_GLOSSARY,HIGH,True,False,,HIGH,ordinary/name/title collision
Count,count,LEGAL_CONCEPT,U.S. Courts — Glossary of Legal Terms,https://www.uscourts.gov/glossary,FEDERAL_JUDICIARY_GLOSSARY,HIGH,True,False,,HIGH,ordinary English collision
Court,court,ORGANIZATION,U.S. Courts — Glossary of Legal Terms,https://www.uscourts.gov/glossary,FEDERAL_JUDICIARY_GLOSSARY,HIGH,True,False,,HIGH,ordinary/name collision
Court of International Trade,court of international trade,ORGANIZATION,U.S. Courts — Glossary of Legal Terms,https://www.uscourts.gov/glossary,FEDERAL_JUDICIARY_GLOSSARY,HIGH,True,False,,LOW,
Court reporter,court reporter,ROLE,U.S. Courts — Glossary of Legal Terms,https://www.uscourts.gov/glossary,FEDERAL_JUDICIARY_GLOSSARY,HIGH,True,False,,LOW,
Credit counseling,credit counseling,PROCESS_EVENT,U.S. Courts — Glossary of Legal Terms,https://www.uscourts.gov/glossary,FEDERAL_JUDICIARY_GLOSSARY,HIGH,True,False,,MEDIUM,cross-domain
Creditor,creditor,ROLE|LEGAL_CONCEPT,U.S. Courts — Glossary of Legal Terms,https://www.uscourts.gov/glossary,FEDERAL_JUDICIARY_GLOSSARY,HIGH,True,False,,LOW,
Creditor Matrix,creditor matrix,DOCUMENT,"U.S. Bankruptcy Court, District of Nevada — Bankruptcy Terminology",https://www.nvb.uscourts.gov/filing/bankruptcy-basics/bankruptcy-terminology/,FEDERAL_BANKRUPTCY_COURT,HIGH,True,False,,LOW,
Creditor's Meeting (also known as 341 Meeting),creditor's meeting (also known as 341 meeting),PROCESS_EVENT|COURT_PROCEDURE,"U.S. Bankruptcy Court, District of Nevada — Bankruptcy Terminology",https://www.nvb.uscourts.gov/filing/bankruptcy-basics/bankruptcy-terminology/,FEDERAL_BANKRUPTCY_COURT,HIGH,True,False,,LOW,
Cross-Complaint,cross-complaint,DOCUMENT|COURT_PROCEDURE,"Superior Court of California, County of San Bernardino — Glossary of Civil Terms",https://sanbernardino.courts.ca.gov/divisions/civil/glossary-civil-terms,STATE_JUDICIARY_GLOSSARY,HIGH,True,False,,LOW,
customer information,customer information,LEGAL_CONCEPT,Federal Trade Commission — Safeguards Rule Small Entity Compliance Guide,https://www.ftc.gov/business-guidance/resources/ftc-safeguards-rule-what-your-business-needs-know,FEDERAL_REGULATOR_PRIVACY_SECURITY,HIGH,True,False,,HIGH,ordinary/cross-domain
Damages,damages,LEGAL_CONCEPT,U.S. Courts — Glossary of Legal Terms,https://www.uscourts.gov/glossary,FEDERAL_JUDICIARY_GLOSSARY,HIGH,True,False,,MEDIUM,ordinary English collision
De facto,de facto,LEGAL_CONCEPT,U.S. Courts — Glossary of Legal Terms,https://www.uscourts.gov/glossary,FEDERAL_JUDICIARY_GLOSSARY,HIGH,True,False,,MEDIUM,Latin phrase
De jure,de jure,LEGAL_CONCEPT,U.S. Courts — Glossary of Legal Terms,https://www.uscourts.gov/glossary,FEDERAL_JUDICIARY_GLOSSARY,HIGH,True,False,,LOW,Latin phrase
De novo,de novo,COURT_PROCEDURE|LEGAL_CONCEPT,U.S. Courts — Glossary of Legal Terms,https://www.uscourts.gov/glossary,FEDERAL_JUDICIARY_GLOSSARY,HIGH,True,False,,LOW,Latin phrase
dead application or registration,dead application or registration,LEGAL_CONCEPT,U.S. Patent and Trademark Office — Glossary,https://www.uspto.gov/learning-and-resources/glossary,FEDERAL_REGULATOR_IP,HIGH,True,False,,LOW,
Debtor,debtor,ROLE|LEGAL_CONCEPT,U.S. Courts — Glossary of Legal Terms,https://www.uscourts.gov/glossary,FEDERAL_JUDICIARY_GLOSSARY,HIGH,True,False,,LOW,
Decedent,decedent,ROLE|LEGAL_CONCEPT,California Courts Self-Help — Common Words in Probate Cases,https://selfhelp.courts.ca.gov/probate/terms,STATE_JUDICIARY_PROBATE,HIGH,True,False,,LOW,
Decedent's estate,decedent's estate,LEGAL_CONCEPT,California Courts Self-Help — Common Words in Probate Cases,https://selfhelp.courts.ca.gov/probate/terms,STATE_JUDICIARY_PROBATE,HIGH,True,False,,LOW,
Declaratory judgment,declaratory judgment,DOCUMENT|LEGAL_CONCEPT,U.S. Courts — Glossary of Legal Terms,https://www.uscourts.gov/glossary,FEDERAL_JUDICIARY_GLOSSARY,HIGH,True,False,,LOW,
Default,default,LEGAL_CONCEPT,"Superior Court of California, County of San Bernardino — Glossary of Civil Terms",https://sanbernardino.courts.ca.gov/divisions/civil/glossary-civil-terms,STATE_JUDICIARY_GLOSSARY,HIGH,True,False,,HIGH,computing/finance collision
Default judgment,default judgment,DOCUMENT|COURT_PROCEDURE,"U.S. Courts — Glossary of Legal Terms | Superior Court of California, County of San Bernardino — Glossary of Civil Terms",https://www.uscourts.gov/glossary | https://sanbernardino.courts.ca.gov/divisions/civil/glossary-civil-terms,FEDERAL_JUDICIARY_GLOSSARY | STATE_JUDICIARY_GLOSSARY,HIGH | HIGH,True,False,,LOW,multiple independent source attestations
Defendant,defendant,ROLE,U.S. Courts — Glossary of Legal Terms,https://www.uscourts.gov/glossary,FEDERAL_JUDICIARY_GLOSSARY,HIGH,True,False,,LOW,
Delay Reduction,delay reduction,COURT_PROCEDURE,"Superior Court of California, County of San Bernardino — Glossary of Civil Terms",https://sanbernardino.courts.ca.gov/divisions/civil/glossary-civil-terms,STATE_JUDICIARY_GLOSSARY,HIGH,True,False,,MEDIUM,
Demand for Inspection,demand for inspection,DOCUMENT|COURT_PROCEDURE,California Courts Self-Help — Civil Discovery,https://selfhelp.courts.ca.gov/discovery-civil/request,STATE_JUDICIARY_PROCEDURE,HIGH,True,False,,LOW,
Demurrer,demurrer,DOCUMENT|COURT_PROCEDURE,"Superior Court of California, County of San Bernardino — Glossary of Civil Terms",https://sanbernardino.courts.ca.gov/divisions/civil/glossary-civil-terms,STATE_JUDICIARY_GLOSSARY,HIGH,True,False,,LOW,jurisdiction-specific
Deposition,deposition,PROCESS_EVENT|LEGAL_CONCEPT,U.S. Courts — Glossary of Legal Terms,https://www.uscourts.gov/glossary,FEDERAL_JUDICIARY_GLOSSARY,HIGH,True,False,,LOW,
Digital Security,digital security,LEGAL_CONCEPT,U.S. Securities and Exchange Commission — Small Business Capital Formation Glossary,https://www.sec.gov/resources-small-businesses/glossary,FEDERAL_REGULATOR_SECURITIES,HIGH,True,False,,HIGH,technology collision
Digital Tool,digital tool,OTHER_DOMAIN_TERM,U.S. Securities and Exchange Commission — Small Business Capital Formation Glossary,https://www.sec.gov/resources-small-businesses/glossary,FEDERAL_REGULATOR_SECURITIES,HIGH,True,False,,HIGH,technology collision
Dilution,dilution,LEGAL_CONCEPT,U.S. Securities and Exchange Commission — Small Business Capital Formation Glossary,https://www.sec.gov/resources-small-businesses/glossary,FEDERAL_REGULATOR_SECURITIES,HIGH,True,False,,HIGH,ordinary/finance collision
Discharge,discharge,PROCESS_EVENT|LEGAL_CONCEPT,U.S. Courts — Glossary of Legal Terms,https://www.uscourts.gov/glossary,FEDERAL_JUDICIARY_GLOSSARY,HIGH,True,False,,HIGH,ordinary/cross-domain collision
Dischargeable debt,dischargeable debt,LEGAL_CONCEPT,U.S. Courts — Glossary of Legal Terms,https://www.uscourts.gov/glossary,FEDERAL_JUDICIARY_GLOSSARY,HIGH,True,False,,LOW,
Disclosure,disclosure,PROCESS_EVENT|LEGAL_CONCEPT,U.S. Securities and Exchange Commission — Small Business Capital Formation Glossary,https://www.sec.gov/resources-small-businesses/glossary,FEDERAL_REGULATOR_SECURITIES,HIGH,True,False,,HIGH,ordinary/legal collision
disclosure of compensation,disclosure of compensation,DOCUMENT|LEGAL_CONCEPT,"U.S. Bankruptcy Court, Western District of Texas — Compensation of Professionals",https://www.txwb.uscourts.gov/l-rule-2016-1-compensation-professionals,FEDERAL_BANKRUPTCY_BILLING,HIGH,True,False,,LOW,legal billing
Disclosure statement,disclosure statement,DOCUMENT,U.S. Courts — Glossary of Legal Terms,https://www.uscourts.gov/glossary,FEDERAL_JUDICIARY_GLOSSARY,HIGH,True,False,,MEDIUM,cross-domain
Discovery,discovery,PROCESS_EVENT|LEGAL_CONCEPT,U.S. Courts — Glossary of Legal Terms,https://www.uscourts.gov/glossary,FEDERAL_JUDICIARY_GLOSSARY,HIGH,True,False,,HIGH,ordinary English collision
discovery request,discovery request,DOCUMENT|COURT_PROCEDURE,California Courts Self-Help — Civil Discovery,https://selfhelp.courts.ca.gov/discovery-civil/request,STATE_JUDICIARY_PROCEDURE,HIGH,True,False,,MEDIUM,
discrimination,discrimination,LEGAL_CONCEPT,U.S. Equal Employment Opportunity Commission — Small Business Glossary/Resources,https://www.eeoc.gov/employers/small-business,FEDERAL_REGULATOR_EMPLOYMENT,HIGH,True,False,,MEDIUM,ordinary/cross-domain
Dismiss or Dismissal,dismiss or dismissal,COURT_PROCEDURE,"Superior Court of California, County of San Bernardino — Glossary of Civil Terms",https://sanbernardino.courts.ca.gov/divisions/civil/glossary-civil-terms,STATE_JUDICIARY_GLOSSARY,HIGH,True,False,,MEDIUM,
Dismissal with prejudice,dismissal with prejudice,COURT_PROCEDURE,U.S. Courts — Glossary of Legal Terms,https://www.uscourts.gov/glossary,FEDERAL_JUDICIARY_GLOSSARY,HIGH,True,False,,LOW,
Dismissal without prejudice,dismissal without prejudice,COURT_PROCEDURE,U.S. Courts — Glossary of Legal Terms,https://www.uscourts.gov/glossary,FEDERAL_JUDICIARY_GLOSSARY,HIGH,True,False,,LOW,
Disposable income,disposable income,LEGAL_CONCEPT,U.S. Courts — Glossary of Legal Terms,https://www.uscourts.gov/glossary,FEDERAL_JUDICIARY_GLOSSARY,HIGH,True,False,,MEDIUM,cross-domain
Disposition,disposition,PROCESS_EVENT,"Superior Court of California, County of San Bernardino — Glossary of Civil Terms",https://sanbernardino.courts.ca.gov/divisions/civil/glossary-civil-terms,STATE_JUDICIARY_GLOSSARY,HIGH,True,False,,HIGH,ordinary/cross-domain collision
district judge,district judge,ROLE,"U.S. District Court, Northern District of California — Settlement Conferences",https://cand.uscourts.gov/about-court/court-programs-services/alternative-dispute-resolution-adr/settlement-conferences,FEDERAL_DISTRICT_COURT_ADR,HIGH,True,False,,LOW,
Diversification,diversification,OTHER_DOMAIN_TERM,U.S. Securities and Exchange Commission — Small Business Capital Formation Glossary,https://www.sec.gov/resources-small-businesses/glossary,FEDERAL_REGULATOR_SECURITIES,HIGH,True,False,,HIGH,finance collision
Docket,docket,DOCUMENT|OTHER_DOMAIN_TERM,U.S. Courts — Glossary of Legal Terms,https://www.uscourts.gov/glossary,FEDERAL_JUDICIARY_GLOSSARY,HIGH,True,False,,MEDIUM,
docket entry,docket entry,DOCUMENT|OTHER_DOMAIN_TERM,PACER — Notice of Electronic Filing / Notice of Docket Activity FAQ,https://pacer.uscourts.gov/help/faqs/files-pleading-court-automatically-serve-notification,FEDERAL_COURT_EFILING,HIGH,True,False,,MEDIUM,
Doe,doe,AMBIGUOUS,"Superior Court of California, County of San Bernardino — Glossary of Civil Terms",https://sanbernardino.courts.ca.gov/divisions/civil/glossary-civil-terms,STATE_JUDICIARY_GLOSSARY,HIGH,True,False,,HIGH,placeholder surname; name evidence collision
Doe Amendment,doe amendment,DOCUMENT|COURT_PROCEDURE,"Superior Court of California, County of San Bernardino — Glossary of Civil Terms",https://sanbernardino.courts.ca.gov/divisions/civil/glossary-civil-terms,STATE_JUDICIARY_GLOSSARY,HIGH,True,False,,HIGH,contains surname placeholder
Due Diligence,due diligence,PROCESS_EVENT|LEGAL_CONCEPT,U.S. Securities and Exchange Commission — Small Business Capital Formation Glossary,https://www.sec.gov/resources-small-businesses/glossary,FEDERAL_REGULATOR_SECURITIES,HIGH,True,False,,MEDIUM,business/legal collision
Due process,due process,LEGAL_CONCEPT,U.S. Courts — Glossary of Legal Terms,https://www.uscourts.gov/glossary,FEDERAL_JUDICIARY_GLOSSARY,HIGH,True,False,,LOW,
electronic document stamp,electronic document stamp,IDENTIFIER_TYPE,PACER — Notice of Electronic Filing / Notice of Docket Activity FAQ,https://pacer.uscourts.gov/help/faqs/files-pleading-court-automatically-serve-notification,FEDERAL_COURT_EFILING,HIGH,True,False,,LOW,
electronic filing,electronic filing,PROCESS_EVENT,PACER — Federal Court Records / CM/ECF FAQs,https://pacer.uscourts.gov/help/faqs/what-cmecf,FEDERAL_COURT_EFILING,HIGH,True,False,,MEDIUM,cross-domain
Eminent Domain,eminent domain,LEGAL_CONCEPT,"Superior Court of California, County of San Bernardino — Glossary of Civil Terms",https://sanbernardino.courts.ca.gov/divisions/civil/glossary-civil-terms,STATE_JUDICIARY_GLOSSARY,HIGH,True,False,,LOW,
En banc,en banc,COURT_PROCEDURE,U.S. Courts — Glossary of Legal Terms,https://www.uscourts.gov/glossary,FEDERAL_JUDICIARY_GLOSSARY,HIGH,True,False,,LOW,
Encryption,encryption,OTHER_DOMAIN_TERM,Federal Trade Commission — Safeguards Rule Small Entity Compliance Guide,https://www.ftc.gov/business-guidance/resources/ftc-safeguards-rule-what-your-business-needs-know,FEDERAL_REGULATOR_PRIVACY_SECURITY,HIGH,True,False,,MEDIUM,technology collision
Equitable,equitable,LEGAL_CONCEPT,U.S. Courts — Glossary of Legal Terms,https://www.uscourts.gov/glossary,FEDERAL_JUDICIARY_GLOSSARY,HIGH,True,False,,HIGH,ordinary English collision
equitable relief,equitable relief,LEGAL_CONCEPT,"U.S. District Court, Northern District of California — Mediation",https://cand.uscourts.gov/about-court/court-programs-services/alternative-dispute-resolution-adr/mediation,FEDERAL_DISTRICT_COURT_ADR,HIGH,True,False,,LOW,
Equity,equity,LEGAL_CONCEPT,U.S. Courts — Glossary of Legal Terms,https://www.uscourts.gov/glossary,FEDERAL_JUDICIARY_GLOSSARY,HIGH,True,False,,HIGH,finance/business collision
Evidence,evidence,LEGAL_CONCEPT,U.S. Courts — Glossary of Legal Terms,https://www.uscourts.gov/glossary,FEDERAL_JUDICIARY_GLOSSARY,HIGH,True,False,,MEDIUM,ordinary English collision
Ex parte,ex parte,COURT_PROCEDURE|LEGAL_CONCEPT,U.S. Courts — Glossary of Legal Terms,https://www.uscourts.gov/glossary,FEDERAL_JUDICIARY_GLOSSARY,HIGH,True,False,,LOW,Latin phrase
Exclusionary rule,exclusionary rule,LEGAL_CONCEPT,U.S. Courts — Glossary of Legal Terms,https://www.uscourts.gov/glossary,FEDERAL_JUDICIARY_GLOSSARY,HIGH,True,False,,LOW,
Exculpatory evidence,exculpatory evidence,LEGAL_CONCEPT,U.S. Courts — Glossary of Legal Terms,https://www.uscourts.gov/glossary,FEDERAL_JUDICIARY_GLOSSARY,HIGH,True,False,,LOW,
Executor,executor,ROLE,California Courts Self-Help — Common Words in Probate Cases,https://selfhelp.courts.ca.gov/probate/terms,STATE_JUDICIARY_PROBATE,HIGH,True,False,,MEDIUM,computing collision
Executory contracts,executory contracts,LEGAL_CONCEPT,U.S. Courts — Glossary of Legal Terms,https://www.uscourts.gov/glossary,FEDERAL_JUDICIARY_GLOSSARY,HIGH,True,False,,LOW,
Exempt assets,exempt assets,LEGAL_CONCEPT,U.S. Courts — Glossary of Legal Terms,https://www.uscourts.gov/glossary,FEDERAL_JUDICIARY_GLOSSARY,HIGH,True,False,,MEDIUM,
"Exemptions, exempt property","exemptions, exempt property",LEGAL_CONCEPT,"U.S. Courts — Glossary of Legal Terms | U.S. Bankruptcy Court, District of Nevada — Bankruptcy Terminology",https://www.uscourts.gov/glossary | https://www.nvb.uscourts.gov/filing/bankruptcy-basics/bankruptcy-terminology/,FEDERAL_JUDICIARY_GLOSSARY | FEDERAL_BANKRUPTCY_COURT,HIGH | HIGH,True,False,,MEDIUM,multiple independent source attestations
expired registration,expired registration,LEGAL_CONCEPT,U.S. Patent and Trademark Office — Glossary,https://www.uspto.gov/learning-and-resources/glossary,FEDERAL_REGULATOR_IP,HIGH,True,False,,LOW,
Family farmer,family farmer,LEGAL_CONCEPT,U.S. Courts — Glossary of Legal Terms,https://www.uscourts.gov/glossary,FEDERAL_JUDICIARY_GLOSSARY,HIGH,True,False,,MEDIUM,ordinary phrase
Federal public defender,federal public defender,ROLE,U.S. Courts — Glossary of Legal Terms,https://www.uscourts.gov/glossary,FEDERAL_JUDICIARY_GLOSSARY,HIGH,True,False,,LOW,
Federal public defender organization,federal public defender organization,ORGANIZATION,U.S. Courts — Glossary of Legal Terms,https://www.uscourts.gov/glossary,FEDERAL_JUDICIARY_GLOSSARY,HIGH,True,False,,LOW,
Federal question jurisdiction,federal question jurisdiction,LEGAL_CONCEPT,U.S. Courts — Glossary of Legal Terms,https://www.uscourts.gov/glossary,FEDERAL_JUDICIARY_GLOSSARY,HIGH,True,False,,LOW,
Felony,felony,LEGAL_CONCEPT,U.S. Courts — Glossary of Legal Terms,https://www.uscourts.gov/glossary,FEDERAL_JUDICIARY_GLOSSARY,HIGH,True,False,,LOW,
File,file,PROCESS_EVENT|DOCUMENT,U.S. Courts — Glossary of Legal Terms,https://www.uscourts.gov/glossary,FEDERAL_JUDICIARY_GLOSSARY,HIGH,True,False,,HIGH,ordinary/computing collision
filed under seal,filed under seal,COURT_PROCEDURE,"U.S. District Court, Northern District of California — E-Filing Case Documents",https://cand.uscourts.gov/cases-e-filing/cmecf-information/e-filing-case-documents,FEDERAL_DISTRICT_COURT_PROCEDURE,HIGH,True,False,,LOW,
filing basis,filing basis,LEGAL_CONCEPT,U.S. Patent and Trademark Office — Glossary,https://www.uspto.gov/learning-and-resources/glossary,FEDERAL_REGULATOR_IP,HIGH,True,False,,MEDIUM,
Financial institution,financial institution,ORGANIZATION|LEGAL_CONCEPT,Federal Trade Commission — Safeguards Rule Small Entity Compliance Guide,https://www.ftc.gov/business-guidance/resources/ftc-safeguards-rule-what-your-business-needs-know,FEDERAL_REGULATOR_PRIVACY_SECURITY,HIGH,True,False,,MEDIUM,finance collision
Financial management,financial management,PROCESS_EVENT,U.S. Courts — Glossary of Legal Terms,https://www.uscourts.gov/glossary,FEDERAL_JUDICIARY_GLOSSARY,HIGH,True,False,,HIGH,cross-domain
fixed fee,fixed fee,LEGAL_CONCEPT,"U.S. Bankruptcy Court, Western District of Texas — Compensation of Professionals",https://www.txwb.uscourts.gov/l-rule-2016-1-compensation-professionals,FEDERAL_BANKRUPTCY_BILLING,HIGH,True,False,,MEDIUM,billing cross-domain
foreign trademark application,foreign trademark application,DOCUMENT,U.S. Patent and Trademark Office — Glossary,https://www.uspto.gov/learning-and-resources/glossary,FEDERAL_REGULATOR_IP,HIGH,True,False,,LOW,
foreign trademark registration,foreign trademark registration,DOCUMENT,U.S. Patent and Trademark Office — Glossary,https://www.uspto.gov/learning-and-resources/glossary,FEDERAL_REGULATOR_IP,HIGH,True,False,,LOW,
Fund of Funds,fund of funds,ORGANIZATION|LEGAL_CONCEPT,U.S. Securities and Exchange Commission — Small Business Capital Formation Glossary,https://www.sec.gov/resources-small-businesses/glossary,FEDERAL_REGULATOR_SECURITIES,HIGH,True,False,,LOW,
General Denial,general denial,DOCUMENT|COURT_PROCEDURE,"Superior Court of California, County of San Bernardino — Glossary of Civil Terms",https://sanbernardino.courts.ca.gov/divisions/civil/glossary-civil-terms,STATE_JUDICIARY_GLOSSARY,HIGH,True,False,,MEDIUM,
General Partner,general partner,ROLE,U.S. Securities and Exchange Commission — Small Business Capital Formation Glossary,https://www.sec.gov/resources-small-businesses/glossary,FEDERAL_REGULATOR_SECURITIES,HIGH,True,False,,MEDIUM,business/legal
General Solicitation,general solicitation,LEGAL_CONCEPT,U.S. Securities and Exchange Commission — Small Business Capital Formation Glossary,https://www.sec.gov/resources-small-businesses/glossary,FEDERAL_REGULATOR_SECURITIES,HIGH,True,False,,LOW,securities
Goodwill,goodwill,OTHER_DOMAIN_TERM,U.S. Securities and Exchange Commission — Small Business Capital Formation Glossary,https://www.sec.gov/resources-small-businesses/glossary,FEDERAL_REGULATOR_SECURITIES,HIGH,True,False,,HIGH,ordinary/accounting collision
Guardian ad Litem,guardian ad litem,ROLE,"Superior Court of California, County of San Bernardino — Glossary of Civil Terms",https://sanbernardino.courts.ca.gov/divisions/civil/glossary-civil-terms,STATE_JUDICIARY_GLOSSARY,HIGH,True,False,,LOW,
Harassment,harassment,LEGAL_CONCEPT,"Superior Court of California, County of San Bernardino — Glossary of Civil Terms",https://sanbernardino.courts.ca.gov/divisions/civil/glossary-civil-terms,STATE_JUDICIARY_GLOSSARY,HIGH,True,False,,HIGH,ordinary/employment collision
Hedge Fund,hedge fund,ORGANIZATION|LEGAL_CONCEPT,U.S. Securities and Exchange Commission — Small Business Capital Formation Glossary,https://www.sec.gov/resources-small-businesses/glossary,FEDERAL_REGULATOR_SECURITIES,HIGH,True,False,,MEDIUM,
Heir,heir,ROLE|LEGAL_CONCEPT,California Courts Self-Help — Common Words in Probate Cases,https://selfhelp.courts.ca.gov/probate/terms,STATE_JUDICIARY_PROBATE,HIGH,True,False,,MEDIUM,
hourly basis,hourly basis,OTHER_DOMAIN_TERM,"U.S. Bankruptcy Court, Western District of Texas — Compensation of Professionals",https://www.txwb.uscourts.gov/l-rule-2016-1-compensation-professionals,FEDERAL_BANKRUPTCY_BILLING,HIGH,True,False,,MEDIUM,billing cross-domain
Impeachment,impeachment,PROCESS_EVENT|LEGAL_CONCEPT,U.S. Courts — Glossary of Legal Terms,https://www.uscourts.gov/glossary,FEDERAL_JUDICIARY_GLOSSARY,HIGH,True,False,,MEDIUM,political/legal collision
In camera,in camera,COURT_PROCEDURE,U.S. Courts — Glossary of Legal Terms,https://www.uscourts.gov/glossary,FEDERAL_JUDICIARY_GLOSSARY,HIGH,True,False,,MEDIUM,Latin/ordinary phrase collision
In forma pauperis,in forma pauperis,COURT_PROCEDURE,U.S. Courts — Glossary of Legal Terms,https://www.uscourts.gov/glossary,FEDERAL_JUDICIARY_GLOSSARY,HIGH,True,False,,LOW,Latin phrase
Inculpatory evidence,inculpatory evidence,LEGAL_CONCEPT,U.S. Courts — Glossary of Legal Terms,https://www.uscourts.gov/glossary,FEDERAL_JUDICIARY_GLOSSARY,HIGH,True,False,,LOW,
Indictment,indictment,DOCUMENT|COURT_PROCEDURE,U.S. Courts — Glossary of Legal Terms,https://www.uscourts.gov/glossary,FEDERAL_JUDICIARY_GLOSSARY,HIGH,True,False,,LOW,
Information,information,DOCUMENT|COURT_PROCEDURE,U.S. Courts — Glossary of Legal Terms,https://www.uscourts.gov/glossary,FEDERAL_JUDICIARY_GLOSSARY,HIGH,True,False,,HIGH,ordinary English collision
information security program,information security program,LEGAL_CONCEPT,Federal Trade Commission — Safeguards Rule Small Entity Compliance Guide,https://www.ftc.gov/business-guidance/resources/ftc-safeguards-rule-what-your-business-needs-know,FEDERAL_REGULATOR_PRIVACY_SECURITY,HIGH,True,False,,MEDIUM,security/compliance cross-domain
Information system,information system,OTHER_DOMAIN_TERM,Federal Trade Commission — Safeguards Rule Small Entity Compliance Guide,https://www.ftc.gov/business-guidance/resources/ftc-safeguards-rule-what-your-business-needs-know,FEDERAL_REGULATOR_PRIVACY_SECURITY,HIGH,True,False,,HIGH,technology collision
Injunction,injunction,DOCUMENT|LEGAL_CONCEPT,U.S. Courts — Glossary of Legal Terms,https://www.uscourts.gov/glossary,FEDERAL_JUDICIARY_GLOSSARY,HIGH,True,False,,LOW,
Insider (bankruptcy),insider (bankruptcy),ROLE|LEGAL_CONCEPT,U.S. Courts — Glossary of Legal Terms,https://www.uscourts.gov/glossary,FEDERAL_JUDICIARY_GLOSSARY,HIGH,True,False,,MEDIUM,cross-domain
intent to use in commerce,intent to use in commerce,LEGAL_CONCEPT,U.S. Patent and Trademark Office — Glossary,https://www.uspto.gov/learning-and-resources/glossary,FEDERAL_REGULATOR_IP,HIGH,True,False,,LOW,trademark
international registration,international registration,DOCUMENT|LEGAL_CONCEPT,U.S. Patent and Trademark Office — Glossary,https://www.uspto.gov/learning-and-resources/glossary,FEDERAL_REGULATOR_IP,HIGH,True,False,,MEDIUM,
Interrogatories,interrogatories,DOCUMENT|COURT_PROCEDURE,U.S. Courts — Glossary of Legal Terms,https://www.uscourts.gov/glossary,FEDERAL_JUDICIARY_GLOSSARY,HIGH,True,False,,LOW,
Issue,issue,LEGAL_CONCEPT,U.S. Courts — Glossary of Legal Terms,https://www.uscourts.gov/glossary,FEDERAL_JUDICIARY_GLOSSARY,HIGH,True,False,,HIGH,ordinary English collision
Issued and Outstanding Shares,issued and outstanding shares,LEGAL_CONCEPT,U.S. Securities and Exchange Commission — Small Business Capital Formation Glossary,https://www.sec.gov/resources-small-businesses/glossary,FEDERAL_REGULATOR_SECURITIES,HIGH,True,False,,LOW,
Joinder,joinder,COURT_PROCEDURE|LEGAL_CONCEPT,"Superior Court of California, County of San Bernardino — Glossary of Civil Terms",https://sanbernardino.courts.ca.gov/divisions/civil/glossary-civil-terms,STATE_JUDICIARY_GLOSSARY,HIGH,True,False,,LOW,
Joint administration,joint administration,COURT_PROCEDURE,U.S. Courts — Glossary of Legal Terms,https://www.uscourts.gov/glossary,FEDERAL_JUDICIARY_GLOSSARY,HIGH,True,False,,MEDIUM,
Joint petition,joint petition,DOCUMENT|COURT_PROCEDURE,U.S. Courts — Glossary of Legal Terms,https://www.uscourts.gov/glossary,FEDERAL_JUDICIARY_GLOSSARY,HIGH,True,False,,LOW,
Judge,judge,ROLE,U.S. Courts — Glossary of Legal Terms,https://www.uscourts.gov/glossary,FEDERAL_JUDICIARY_GLOSSARY,HIGH,True,False,,HIGH,surname/title collision
Judgeship,judgeship,ROLE,U.S. Courts — Glossary of Legal Terms,https://www.uscourts.gov/glossary,FEDERAL_JUDICIARY_GLOSSARY,HIGH,True,False,,LOW,
Judgment,judgment,DOCUMENT|PROCESS_EVENT,U.S. Courts — Glossary of Legal Terms,https://www.uscourts.gov/glossary,FEDERAL_JUDICIARY_GLOSSARY,HIGH,True,False,,MEDIUM,ordinary English collision
Judicial Conference of the United States,judicial conference of the united states,ORGANIZATION,U.S. Courts — Glossary of Legal Terms,https://www.uscourts.gov/glossary,FEDERAL_JUDICIARY_GLOSSARY,HIGH,True,False,,LOW,
Judicial Council,judicial council,ORGANIZATION,"Superior Court of California, County of San Bernardino — Glossary of Civil Terms",https://sanbernardino.courts.ca.gov/divisions/civil/glossary-civil-terms,STATE_JUDICIARY_GLOSSARY,HIGH,True,False,,MEDIUM,generic organizational title
Jurisdiction,jurisdiction,LEGAL_CONCEPT,U.S. Courts — Glossary of Legal Terms,https://www.uscourts.gov/glossary,FEDERAL_JUDICIARY_GLOSSARY,HIGH,True,False,,LOW,
Jurisprudence,jurisprudence,LEGAL_CONCEPT,U.S. Courts — Glossary of Legal Terms,https://www.uscourts.gov/glossary,FEDERAL_JUDICIARY_GLOSSARY,HIGH,True,False,,LOW,
Jury,jury,ROLE|LEGAL_CONCEPT,U.S. Courts — Glossary of Legal Terms,https://www.uscourts.gov/glossary,FEDERAL_JUDICIARY_GLOSSARY,HIGH,True,False,,MEDIUM,
Jury instructions,jury instructions,DOCUMENT|COURT_PROCEDURE,U.S. Courts — Glossary of Legal Terms,https://www.uscourts.gov/glossary,FEDERAL_JUDICIARY_GLOSSARY,HIGH,True,False,,LOW,
Large Accelerated Filer,large accelerated filer,ROLE|LEGAL_CONCEPT,U.S. Securities and Exchange Commission — Small Business Capital Formation Glossary,https://www.sec.gov/resources-small-businesses/glossary,FEDERAL_REGULATOR_SECURITIES,HIGH,True,False,,LOW,
Law and Motion,law and motion,COURT_PROCEDURE,"Superior Court of California, County of San Bernardino — Glossary of Civil Terms",https://sanbernardino.courts.ca.gov/divisions/civil/glossary-civil-terms,STATE_JUDICIARY_GLOSSARY,HIGH,True,False,,LOW,California practice
Lawsuit,lawsuit,PROCESS_EVENT,U.S. Courts — Glossary of Legal Terms,https://www.uscourts.gov/glossary,FEDERAL_JUDICIARY_GLOSSARY,HIGH,True,False,,LOW,
Leave of Court,leave of court,COURT_PROCEDURE,"Superior Court of California, County of San Bernardino — Glossary of Civil Terms",https://sanbernardino.courts.ca.gov/divisions/civil/glossary-civil-terms,STATE_JUDICIARY_GLOSSARY,HIGH,True,False,,LOW,
Levy,levy,COURT_PROCEDURE|LEGAL_CONCEPT,"Superior Court of California, County of San Bernardino — Glossary of Civil Terms",https://sanbernardino.courts.ca.gov/divisions/civil/glossary-civil-terms,STATE_JUDICIARY_GLOSSARY,HIGH,True,False,,HIGH,surname/ordinary collision
Lien,lien,LEGAL_CONCEPT,U.S. Courts — Glossary of Legal Terms,https://www.uscourts.gov/glossary,FEDERAL_JUDICIARY_GLOSSARY,HIGH,True,False,,MEDIUM,
Limited Partner,limited partner,ROLE,U.S. Securities and Exchange Commission — Small Business Capital Formation Glossary,https://www.sec.gov/resources-small-businesses/glossary,FEDERAL_REGULATOR_SECURITIES,HIGH,True,False,,MEDIUM,business/legal
Liquidated claim,liquidated claim,LEGAL_CONCEPT,U.S. Courts — Glossary of Legal Terms,https://www.uscourts.gov/glossary,FEDERAL_JUDICIARY_GLOSSARY,HIGH,True,False,,LOW,
Liquidation,liquidation,PROCESS_EVENT|LEGAL_CONCEPT,U.S. Courts — Glossary of Legal Terms,https://www.uscourts.gov/glossary,FEDERAL_JUDICIARY_GLOSSARY,HIGH,True,False,,MEDIUM,finance collision
Liquidation Preference,liquidation preference,LEGAL_CONCEPT,U.S. Securities and Exchange Commission — Small Business Capital Formation Glossary,https://www.sec.gov/resources-small-businesses/glossary,FEDERAL_REGULATOR_SECURITIES,HIGH,True,False,,LOW,
Liquidity,liquidity,OTHER_DOMAIN_TERM,U.S. Securities and Exchange Commission — Small Business Capital Formation Glossary,https://www.sec.gov/resources-small-businesses/glossary,FEDERAL_REGULATOR_SECURITIES,HIGH,True,False,,HIGH,finance collision
Lis Pendens,lis pendens,DOCUMENT|LEGAL_CONCEPT,"Superior Court of California, County of San Bernardino — Glossary of Civil Terms",https://sanbernardino.courts.ca.gov/divisions/civil/glossary-civil-terms,STATE_JUDICIARY_GLOSSARY,HIGH,True,False,,LOW,Latin phrase
Litigation,litigation,PROCESS_EVENT|LEGAL_CONCEPT,U.S. Courts — Glossary of Legal Terms,https://www.uscourts.gov/glossary,FEDERAL_JUDICIARY_GLOSSARY,HIGH,True,False,,LOW,
Long-Term Assets,long-term assets,OTHER_DOMAIN_TERM,U.S. Securities and Exchange Commission — Small Business Capital Formation Glossary,https://www.sec.gov/resources-small-businesses/glossary,FEDERAL_REGULATOR_SECURITIES,HIGH,True,False,,HIGH,accounting collision
Magistrate judge,magistrate judge,ROLE,U.S. Courts — Glossary of Legal Terms,https://www.uscourts.gov/glossary,FEDERAL_JUDICIARY_GLOSSARY,HIGH,True,False,,LOW,
Means test,means test,COURT_PROCEDURE|LEGAL_CONCEPT,U.S. Courts — Glossary of Legal Terms,https://www.uscourts.gov/glossary,FEDERAL_JUDICIARY_GLOSSARY,HIGH,True,False,,MEDIUM,cross-domain
Mediation,mediation,PROCESS_EVENT,U.S. Courts — Glossary of Legal Terms,https://www.uscourts.gov/glossary,FEDERAL_JUDICIARY_GLOSSARY,HIGH,True,False,,LOW,
mediator,mediator,ROLE,"U.S. District Court, Northern District of California — Mediation",https://cand.uscourts.gov/about-court/court-programs-services/alternative-dispute-resolution-adr/mediation,FEDERAL_DISTRICT_COURT_ADR,HIGH,True,False,,LOW,
Misdemeanor,misdemeanor,LEGAL_CONCEPT,U.S. Courts — Glossary of Legal Terms,https://www.uscourts.gov/glossary,FEDERAL_JUDICIARY_GLOSSARY,HIGH,True,False,,LOW,
Mistrial,mistrial,PROCESS_EVENT,U.S. Courts — Glossary of Legal Terms,https://www.uscourts.gov/glossary,FEDERAL_JUDICIARY_GLOSSARY,HIGH,True,False,,LOW,
Moot,moot,LEGAL_CONCEPT,U.S. Courts — Glossary of Legal Terms,https://www.uscourts.gov/glossary,FEDERAL_JUDICIARY_GLOSSARY,HIGH,True,False,,HIGH,ordinary English collision
Motion,motion,DOCUMENT|COURT_PROCEDURE,U.S. Courts — Glossary of Legal Terms,https://www.uscourts.gov/glossary,FEDERAL_JUDICIARY_GLOSSARY,HIGH,True,False,,HIGH,ordinary English collision
Motion for New Trial,motion for new trial,DOCUMENT|COURT_PROCEDURE,"Superior Court of California, County of San Bernardino — Glossary of Civil Terms",https://sanbernardino.courts.ca.gov/divisions/civil/glossary-civil-terms,STATE_JUDICIARY_GLOSSARY,HIGH,True,False,,LOW,
Motion for Summary Judgment,motion for summary judgment,DOCUMENT|COURT_PROCEDURE,"Superior Court of California, County of San Bernardino — Glossary of Civil Terms",https://sanbernardino.courts.ca.gov/divisions/civil/glossary-civil-terms,STATE_JUDICIARY_GLOSSARY,HIGH,True,False,,LOW,
Motion in Limine,motion in limine,DOCUMENT|COURT_PROCEDURE,U.S. Courts — Glossary of Legal Terms,https://www.uscourts.gov/glossary,FEDERAL_JUDICIARY_GLOSSARY,HIGH,True,False,,LOW,
Motion to Lift Automatic Stay,motion to lift automatic stay,DOCUMENT|COURT_PROCEDURE,"U.S. Bankruptcy Court, District of Nevada — Bankruptcy Terminology",https://www.nvb.uscourts.gov/filing/bankruptcy-basics/bankruptcy-terminology/,FEDERAL_BANKRUPTCY_COURT,HIGH,True,False,,LOW,
Motion to lift the automatic stay,motion to lift the automatic stay,DOCUMENT|COURT_PROCEDURE,U.S. Courts — Glossary of Legal Terms,https://www.uscourts.gov/glossary,FEDERAL_JUDICIARY_GLOSSARY,HIGH,True,False,,LOW,
Motion to Strike,motion to strike,DOCUMENT|COURT_PROCEDURE,"Superior Court of California, County of San Bernardino — Glossary of Civil Terms",https://sanbernardino.courts.ca.gov/divisions/civil/glossary-civil-terms,STATE_JUDICIARY_GLOSSARY,HIGH,True,False,,LOW,
Multi-factor authentication,multi-factor authentication,OTHER_DOMAIN_TERM,Federal Trade Commission — Safeguards Rule Small Entity Compliance Guide,https://www.ftc.gov/business-guidance/resources/ftc-safeguards-rule-what-your-business-needs-know,FEDERAL_REGULATOR_PRIVACY_SECURITY,HIGH,True,False,,MEDIUM,technology collision
neutral,neutral,ROLE,"U.S. District Court, Northern District of California — Mediation",https://cand.uscourts.gov/about-court/court-programs-services/alternative-dispute-resolution-adr/mediation,FEDERAL_DISTRICT_COURT_ADR,HIGH,True,False,,HIGH,ordinary English collision
No-asset case,no-asset case,LEGAL_CONCEPT,U.S. Courts — Glossary of Legal Terms,https://www.uscourts.gov/glossary,FEDERAL_JUDICIARY_GLOSSARY,HIGH,True,False,,LOW,
Nolo contendere,nolo contendere,COURT_PROCEDURE|LEGAL_CONCEPT,U.S. Courts — Glossary of Legal Terms,https://www.uscourts.gov/glossary,FEDERAL_JUDICIARY_GLOSSARY,HIGH,True,False,,LOW,Latin phrase
Nondischargeable debt,nondischargeable debt,LEGAL_CONCEPT,U.S. Courts — Glossary of Legal Terms,https://www.uscourts.gov/glossary,FEDERAL_JUDICIARY_GLOSSARY,HIGH,True,False,,LOW,
Nonexempt assets,nonexempt assets,LEGAL_CONCEPT,U.S. Courts — Glossary of Legal Terms,https://www.uscourts.gov/glossary,FEDERAL_JUDICIARY_GLOSSARY,HIGH,True,False,,LOW,
nonfinal office action,nonfinal office action,DOCUMENT|PROCESS_EVENT,U.S. Patent and Trademark Office — Glossary,https://www.uspto.gov/learning-and-resources/glossary,FEDERAL_REGULATOR_IP,HIGH,True,False,,LOW,
nonpublic personal information,nonpublic personal information,LEGAL_CONCEPT,Federal Trade Commission — Safeguards Rule Small Entity Compliance Guide,https://www.ftc.gov/business-guidance/resources/ftc-safeguards-rule-what-your-business-needs-know,FEDERAL_REGULATOR_PRIVACY_SECURITY,HIGH,True,False,,LOW,privacy law
notice of abandonment,notice of abandonment,DOCUMENT,U.S. Patent and Trademark Office — Glossary,https://www.uspto.gov/learning-and-resources/glossary,FEDERAL_REGULATOR_IP,HIGH,True,False,,LOW,
notice of abandonment (patent),notice of abandonment (patent),DOCUMENT,U.S. Patent and Trademark Office — Glossary,https://www.uspto.gov/learning-and-resources/glossary,FEDERAL_REGULATOR_IP,HIGH,True,False,,LOW,
notice of allowability,notice of allowability,DOCUMENT,U.S. Patent and Trademark Office — Glossary,https://www.uspto.gov/learning-and-resources/glossary,FEDERAL_REGULATOR_IP,HIGH,True,False,,LOW,patent
notice of allowance (NOA) (trademarks),notice of allowance (noa) (trademarks),DOCUMENT,U.S. Patent and Trademark Office — Glossary,https://www.uspto.gov/learning-and-resources/glossary,FEDERAL_REGULATOR_IP,HIGH,True,False,,LOW,
notice of allowance (patent),notice of allowance (patent),DOCUMENT,U.S. Patent and Trademark Office — Glossary,https://www.uspto.gov/learning-and-resources/glossary,FEDERAL_REGULATOR_IP,HIGH,True,False,,LOW,
Notice of Docket Activity (NDA),notice of docket activity (nda),DOCUMENT,PACER — Notice of Electronic Filing / Notice of Docket Activity FAQ,https://pacer.uscourts.gov/help/faqs/files-pleading-court-automatically-serve-notification,FEDERAL_COURT_EFILING,HIGH,True,False,,LOW,
Notice of Electronic Filing (NEF),notice of electronic filing (nef),DOCUMENT,PACER — Notice of Electronic Filing / Notice of Docket Activity FAQ,https://pacer.uscourts.gov/help/faqs/files-pleading-court-automatically-serve-notification,FEDERAL_COURT_EFILING,HIGH,True,False,,LOW,
notification event,notification event,PROCESS_EVENT|LEGAL_CONCEPT,Federal Trade Commission — Safeguards Rule Small Entity Compliance Guide,https://www.ftc.gov/business-guidance/resources/ftc-safeguards-rule-what-your-business-needs-know,FEDERAL_REGULATOR_PRIVACY_SECURITY,HIGH,True,False,,MEDIUM,
Objection to discharge,objection to discharge,DOCUMENT|COURT_PROCEDURE,U.S. Courts — Glossary of Legal Terms,https://www.uscourts.gov/glossary,FEDERAL_JUDICIARY_GLOSSARY,HIGH,True,False,,LOW,
Objection to dischargeability,objection to dischargeability,DOCUMENT|COURT_PROCEDURE,U.S. Courts — Glossary of Legal Terms,https://www.uscourts.gov/glossary,FEDERAL_JUDICIARY_GLOSSARY,HIGH,True,False,,LOW,
Objection to exemptions,objection to exemptions,DOCUMENT|COURT_PROCEDURE,U.S. Courts — Glossary of Legal Terms,https://www.uscourts.gov/glossary,FEDERAL_JUDICIARY_GLOSSARY,HIGH,True,False,,LOW,
Opinion,opinion,DOCUMENT,U.S. Courts — Glossary of Legal Terms,https://www.uscourts.gov/glossary,FEDERAL_JUDICIARY_GLOSSARY,HIGH,True,False,,HIGH,ordinary English collision
Oral argument,oral argument,PROCESS_EVENT|COURT_PROCEDURE,U.S. Courts — Glossary of Legal Terms,https://www.uscourts.gov/glossary,FEDERAL_JUDICIARY_GLOSSARY,HIGH,True,False,,LOW,
ORAP,orap,COURT_PROCEDURE,"Superior Court of California, County of San Bernardino — Glossary of Civil Terms",https://sanbernardino.courts.ca.gov/divisions/civil/glossary-civil-terms,STATE_JUDICIARY_GLOSSARY,HIGH,True,False,,HIGH,acronym collision
Panel,panel,ROLE|OTHER_DOMAIN_TERM,U.S. Courts — Glossary of Legal Terms,https://www.uscourts.gov/glossary,FEDERAL_JUDICIARY_GLOSSARY,HIGH,True,False,,HIGH,ordinary/professional collision
Parole,parole,PROCESS_EVENT|LEGAL_CONCEPT,U.S. Courts — Glossary of Legal Terms,https://www.uscourts.gov/glossary,FEDERAL_JUDICIARY_GLOSSARY,HIGH,True,False,,MEDIUM,
patent applicant,patent applicant,ROLE,U.S. Patent and Trademark Office — Glossary,https://www.uspto.gov/learning-and-resources/glossary,FEDERAL_REGULATOR_IP,HIGH,True,False,,LOW,
patent application,patent application,DOCUMENT,U.S. Patent and Trademark Office — Glossary,https://www.uspto.gov/learning-and-resources/glossary,FEDERAL_REGULATOR_IP,HIGH,True,False,,LOW,
Personal Service,personal service,COURT_PROCEDURE,"Superior Court of California, County of San Bernardino — Glossary of Civil Terms",https://sanbernardino.courts.ca.gov/divisions/civil/glossary-civil-terms,STATE_JUDICIARY_GLOSSARY,HIGH,True,False,,MEDIUM,ordinary phrase
Petition,petition,DOCUMENT|COURT_PROCEDURE,"Superior Court of California, County of San Bernardino — Glossary of Civil Terms",https://sanbernardino.courts.ca.gov/divisions/civil/glossary-civil-terms,STATE_JUDICIARY_GLOSSARY,HIGH,True,False,,MEDIUM,
petition date,petition date,IDENTIFIER_TYPE,"U.S. Bankruptcy Court, Western District of Texas — Compensation of Professionals",https://www.txwb.uscourts.gov/l-rule-2016-1-compensation-professionals,FEDERAL_BANKRUPTCY_BILLING,HIGH,True,False,,MEDIUM,bankruptcy
Petitioner,petitioner,ROLE,"Superior Court of California, County of San Bernardino — Glossary of Civil Terms",https://sanbernardino.courts.ca.gov/divisions/civil/glossary-civil-terms,STATE_JUDICIARY_GLOSSARY,HIGH,True,False,,LOW,
physical evidence,physical evidence,LEGAL_CONCEPT,California Courts Self-Help — Civil Discovery,https://selfhelp.courts.ca.gov/discovery-civil/request,STATE_JUDICIARY_PROCEDURE,HIGH,True,False,,MEDIUM,
Plaintiff,plaintiff,ROLE,"Superior Court of California, County of San Bernardino — Glossary of Civil Terms",https://sanbernardino.courts.ca.gov/divisions/civil/glossary-civil-terms,STATE_JUDICIARY_GLOSSARY,HIGH,True,False,,LOW,
plea bargain,plea bargain,LEGAL_CONCEPT|PROCESS_EVENT,U.S. Department of Justice — Justice 101 Legal Terms Glossary,https://www.justice.gov/usao/justice-101/glossary,DOJ_GLOSSARY,HIGH,True,False,,LOW,
Points and Authorities,points and authorities,DOCUMENT,"Superior Court of California, County of San Bernardino — Glossary of Civil Terms",https://sanbernardino.courts.ca.gov/divisions/civil/glossary-civil-terms,STATE_JUDICIARY_GLOSSARY,HIGH,True,False,,LOW,
Portfolio Company,portfolio company,ORGANIZATION|LEGAL_CONCEPT,U.S. Securities and Exchange Commission — Small Business Capital Formation Glossary,https://www.sec.gov/resources-small-businesses/glossary,FEDERAL_REGULATOR_SECURITIES,HIGH,True,False,,MEDIUM,
Preferred Stock,preferred stock,LEGAL_CONCEPT,U.S. Securities and Exchange Commission — Small Business Capital Formation Glossary,https://www.sec.gov/resources-small-businesses/glossary,FEDERAL_REGULATOR_SECURITIES,HIGH,True,False,,MEDIUM,finance collision
prepetition retainer,prepetition retainer,LEGAL_CONCEPT,"U.S. Bankruptcy Court, Western District of Texas — Compensation of Professionals",https://www.txwb.uscourts.gov/l-rule-2016-1-compensation-professionals,FEDERAL_BANKRUPTCY_BILLING,HIGH,True,False,,LOW,legal billing/bankruptcy
presiding judge,presiding judge,ROLE,"U.S. District Court, Northern District of California — Settlement Conferences",https://cand.uscourts.gov/about-court/court-programs-services/alternative-dispute-resolution-adr/settlement-conferences,FEDERAL_DISTRICT_COURT_ADR,HIGH,True,False,,LOW,
Pretrial conference,pretrial conference,PROCESS_EVENT|COURT_PROCEDURE,U.S. Courts — Glossary of Legal Terms,https://www.uscourts.gov/glossary,FEDERAL_JUDICIARY_GLOSSARY,HIGH,True,False,,LOW,
Pretrial services,pretrial services,OTHER_DOMAIN_TERM,U.S. Courts — Glossary of Legal Terms,https://www.uscourts.gov/glossary,FEDERAL_JUDICIARY_GLOSSARY,HIGH,True,False,,LOW,
Priority,priority,LEGAL_CONCEPT,U.S. Courts — Glossary of Legal Terms,https://www.uscourts.gov/glossary,FEDERAL_JUDICIARY_GLOSSARY,HIGH,True,False,,HIGH,ordinary/cross-domain collision
Priority claim,priority claim,LEGAL_CONCEPT,U.S. Courts — Glossary of Legal Terms,https://www.uscourts.gov/glossary,FEDERAL_JUDICIARY_GLOSSARY,HIGH,True,False,,LOW,
Private Equity Fund,private equity fund,ORGANIZATION|LEGAL_CONCEPT,U.S. Securities and Exchange Commission — Small Business Capital Formation Glossary,https://www.sec.gov/resources-small-businesses/glossary,FEDERAL_REGULATOR_SECURITIES,HIGH,True,False,,MEDIUM,
Private Fund,private fund,ORGANIZATION|LEGAL_CONCEPT,U.S. Securities and Exchange Commission — Small Business Capital Formation Glossary,https://www.sec.gov/resources-small-businesses/glossary,FEDERAL_REGULATOR_SECURITIES,HIGH,True,False,,MEDIUM,
Private Offering,private offering,PROCESS_EVENT|LEGAL_CONCEPT,U.S. Securities and Exchange Commission — Small Business Capital Formation Glossary,https://www.sec.gov/resources-small-businesses/glossary,FEDERAL_REGULATOR_SECURITIES,HIGH,True,False,,LOW,
Pro se,pro se,ROLE|LEGAL_CONCEPT,U.S. Courts — Glossary of Legal Terms,https://www.uscourts.gov/glossary,FEDERAL_JUDICIARY_GLOSSARY,HIGH,True,False,,LOW,Latin phrase
Pro tem,pro tem,ROLE|LEGAL_CONCEPT,U.S. Courts — Glossary of Legal Terms,https://www.uscourts.gov/glossary,FEDERAL_JUDICIARY_GLOSSARY,HIGH,True,False,,MEDIUM,Latin phrase
probable cause,probable cause,LEGAL_CONCEPT,U.S. Department of Justice — Justice 101 Legal Terms Glossary,https://www.justice.gov/usao/justice-101/glossary,DOJ_GLOSSARY,HIGH,True,False,,LOW,
probate,probate,PROCESS_EVENT|LEGAL_CONCEPT,California Courts Self-Help — Common Words in Probate Cases,https://selfhelp.courts.ca.gov/probate/terms,STATE_JUDICIARY_PROBATE,HIGH,True,False,,LOW,
Probation,probation,PROCESS_EVENT|LEGAL_CONCEPT,U.S. Courts — Glossary of Legal Terms,https://www.uscourts.gov/glossary,FEDERAL_JUDICIARY_GLOSSARY,HIGH,True,False,,MEDIUM,
Probation officer,probation officer,ROLE,U.S. Courts — Glossary of Legal Terms,https://www.uscourts.gov/glossary,FEDERAL_JUDICIARY_GLOSSARY,HIGH,True,False,,LOW,
Procedure,procedure,LEGAL_CONCEPT,U.S. Courts — Glossary of Legal Terms,https://www.uscourts.gov/glossary,FEDERAL_JUDICIARY_GLOSSARY,HIGH,True,False,,HIGH,ordinary/cross-domain collision
Proof of claim,proof of claim,DOCUMENT|COURT_PROCEDURE,U.S. Courts — Glossary of Legal Terms,https://www.uscourts.gov/glossary,FEDERAL_JUDICIARY_GLOSSARY,HIGH,True,False,,LOW,
Property of the estate,property of the estate,LEGAL_CONCEPT,U.S. Courts — Glossary of Legal Terms,https://www.uscourts.gov/glossary,FEDERAL_JUDICIARY_GLOSSARY,HIGH,True,False,,LOW,
Proposed Order,proposed order,DOCUMENT,"U.S. District Court, Northern District of California — E-Filing Case Documents",https://cand.uscourts.gov/cases-e-filing/cmecf-information/e-filing-case-documents,FEDERAL_DISTRICT_COURT_PROCEDURE,HIGH,True,False,,LOW,
Prosecute,prosecute,PROCESS_EVENT,U.S. Courts — Glossary of Legal Terms,https://www.uscourts.gov/glossary,FEDERAL_JUDICIARY_GLOSSARY,HIGH,True,False,,MEDIUM,ordinary verb collision
prosecutor,prosecutor,ROLE,U.S. Department of Justice — Justice 101 Legal Terms Glossary,https://www.justice.gov/usao/justice-101/glossary,DOJ_GLOSSARY,HIGH,True,False,,LOW,
protected characteristic,protected characteristic,LEGAL_CONCEPT,U.S. Equal Employment Opportunity Commission — Small Business Glossary/Resources,https://www.eeoc.gov/employers/small-business,FEDERAL_REGULATOR_EMPLOYMENT,HIGH,True,False,,LOW,employment law
public docket,public docket,OTHER_DOMAIN_TERM,"U.S. District Court, Northern District of California — E-Filing Case Documents",https://cand.uscourts.gov/cases-e-filing/cmecf-information/e-filing-case-documents,FEDERAL_DISTRICT_COURT_PROCEDURE,HIGH,True,False,,MEDIUM,
Quash,quash,COURT_PROCEDURE,"Superior Court of California, County of San Bernardino — Glossary of Civil Terms",https://sanbernardino.courts.ca.gov/divisions/civil/glossary-civil-terms,STATE_JUDICIARY_GLOSSARY,HIGH,True,False,,MEDIUM,ordinary verb collision
Reaffirmation agreement,reaffirmation agreement,DOCUMENT|LEGAL_CONCEPT,U.S. Courts — Glossary of Legal Terms,https://www.uscourts.gov/glossary,FEDERAL_JUDICIARY_GLOSSARY,HIGH,True,False,,LOW,
reasonable accommodation,reasonable accommodation,LEGAL_CONCEPT,U.S. Equal Employment Opportunity Commission — Small Business Glossary/Resources,https://www.eeoc.gov/employers/small-business,FEDERAL_REGULATOR_EMPLOYMENT,HIGH,True,False,,LOW,employment law
Recalled judge,recalled judge,ROLE,U.S. Courts — Glossary of Legal Terms,https://www.uscourts.gov/glossary,FEDERAL_JUDICIARY_GLOSSARY,HIGH,True,False,,LOW,
Record,record,DOCUMENT,U.S. Courts — Glossary of Legal Terms,https://www.uscourts.gov/glossary,FEDERAL_JUDICIARY_GLOSSARY,HIGH,True,False,,HIGH,ordinary/cross-domain collision
redacted version,redacted version,DOCUMENT,"U.S. District Court, Northern District of California — E-Filing Case Documents",https://cand.uscourts.gov/cases-e-filing/cmecf-information/e-filing-case-documents,FEDERAL_DISTRICT_COURT_PROCEDURE,HIGH,True,False,,MEDIUM,
Redemption,redemption,PROCESS_EVENT|LEGAL_CONCEPT,U.S. Courts — Glossary of Legal Terms,https://www.uscourts.gov/glossary,FEDERAL_JUDICIARY_GLOSSARY,HIGH,True,False,,HIGH,ordinary/finance collision
registered filer,registered filer,ROLE,PACER — Federal Court Records / CM/ECF FAQs,https://pacer.uscourts.gov/help/faqs/what-cmecf,FEDERAL_COURT_EFILING,HIGH,True,False,,MEDIUM,
reissue application,reissue application,DOCUMENT,U.S. Patent and Trademark Office — Glossary,https://www.uspto.gov/learning-and-resources/glossary,FEDERAL_REGULATOR_IP,HIGH,True,False,,LOW,patent
rejoinder,rejoinder,COURT_PROCEDURE|LEGAL_CONCEPT,U.S. Patent and Trademark Office — Glossary,https://www.uspto.gov/learning-and-resources/glossary,FEDERAL_REGULATOR_IP,HIGH,True,False,,LOW,patent prosecution
Remand,remand,COURT_PROCEDURE|PROCESS_EVENT,U.S. Courts — Glossary of Legal Terms,https://www.uscourts.gov/glossary,FEDERAL_JUDICIARY_GLOSSARY,HIGH,True,False,,LOW,
Renewal of Judgment,renewal of judgment,DOCUMENT|COURT_PROCEDURE,"Superior Court of California, County of San Bernardino — Glossary of Civil Terms",https://sanbernardino.courts.ca.gov/divisions/civil/glossary-civil-terms,STATE_JUDICIARY_GLOSSARY,HIGH,True,False,,LOW,
Request for Admission,request for admission,DOCUMENT|COURT_PROCEDURE,California Courts Self-Help — Civil Discovery,https://selfhelp.courts.ca.gov/discovery-civil/request,STATE_JUDICIARY_PROCEDURE,HIGH,True,False,,LOW,
Request for Production,request for production,DOCUMENT|COURT_PROCEDURE,California Courts Self-Help — Civil Discovery,https://selfhelp.courts.ca.gov/discovery-civil/request,STATE_JUDICIARY_PROCEDURE,HIGH,True,False,,LOW,
request to reinstate an application,request to reinstate an application,DOCUMENT|COURT_PROCEDURE,U.S. Patent and Trademark Office — Glossary,https://www.uspto.gov/learning-and-resources/glossary,FEDERAL_REGULATOR_IP,HIGH,True,False,,LOW,
Respondent,respondent,ROLE,"Superior Court of California, County of San Bernardino — Glossary of Civil Terms",https://sanbernardino.courts.ca.gov/divisions/civil/glossary-civil-terms,STATE_JUDICIARY_GLOSSARY,HIGH,True,False,,MEDIUM,cross-domain
Retained Earnings/Accumulated Loss,retained earnings/accumulated loss,OTHER_DOMAIN_TERM,U.S. Securities and Exchange Commission — Small Business Capital Formation Glossary,https://www.sec.gov/resources-small-businesses/glossary,FEDERAL_REGULATOR_SECURITIES,HIGH,True,False,,HIGH,accounting collision
retainer,retainer,LEGAL_CONCEPT,"U.S. Bankruptcy Court, Western District of Texas — Compensation of Professionals",https://www.txwb.uscourts.gov/l-rule-2016-1-compensation-professionals,FEDERAL_BANKRUPTCY_BILLING,HIGH,True,False,,HIGH,legal/business collision
retaliation,retaliation,LEGAL_CONCEPT,U.S. Equal Employment Opportunity Commission — Small Business Glossary/Resources,https://www.eeoc.gov/employers/small-business,FEDERAL_REGULATOR_EMPLOYMENT,HIGH,True,False,,MEDIUM,ordinary/cross-domain
Revenue,revenue,OTHER_DOMAIN_TERM,U.S. Securities and Exchange Commission — Small Business Capital Formation Glossary,https://www.sec.gov/resources-small-businesses/glossary,FEDERAL_REGULATOR_SECURITIES,HIGH,True,False,,HIGH,ordinary/accounting collision
Reverse,reverse,COURT_PROCEDURE|PROCESS_EVENT,U.S. Courts — Glossary of Legal Terms,https://www.uscourts.gov/glossary,FEDERAL_JUDICIARY_GLOSSARY,HIGH,True,False,,HIGH,ordinary English collision
risk assessment,risk assessment,PROCESS_EVENT,Federal Trade Commission — Safeguards Rule Small Entity Compliance Guide,https://www.ftc.gov/business-guidance/resources/ftc-safeguards-rule-what-your-business-needs-know,FEDERAL_REGULATOR_PRIVACY_SECURITY,HIGH,True,False,,HIGH,cross-domain compliance
Rural Business Investment Company (RBIC),rural business investment company (rbic),ORGANIZATION|LEGAL_CONCEPT,U.S. Securities and Exchange Commission — Small Business Capital Formation Glossary,https://www.sec.gov/resources-small-businesses/glossary,FEDERAL_REGULATOR_SECURITIES,HIGH,True,False,,LOW,
Safeguards Rule,safeguards rule,DOCUMENT|LEGAL_CONCEPT,Federal Trade Commission — Safeguards Rule Small Entity Compliance Guide,https://www.ftc.gov/business-guidance/resources/ftc-safeguards-rule-what-your-business-needs-know,FEDERAL_REGULATOR_PRIVACY_SECURITY,HIGH,True,False,,LOW,
Sanction,sanction,LEGAL_CONCEPT|PROCESS_EVENT,U.S. Courts — Glossary of Legal Terms,https://www.uscourts.gov/glossary,FEDERAL_JUDICIARY_GLOSSARY,HIGH,True,False,,MEDIUM,ordinary/cross-domain collision
Scaled Disclosure,scaled disclosure,LEGAL_CONCEPT,U.S. Securities and Exchange Commission — Small Business Capital Formation Glossary,https://www.sec.gov/resources-small-businesses/glossary,FEDERAL_REGULATOR_SECURITIES,HIGH,True,False,,LOW,
Schedules,schedules,DOCUMENT,U.S. Courts — Glossary of Legal Terms,https://www.uscourts.gov/glossary,FEDERAL_JUDICIARY_GLOSSARY,HIGH,True,False,,HIGH,ordinary English collision
scope,scope,LEGAL_CONCEPT,U.S. Patent and Trademark Office — Glossary,https://www.uspto.gov/learning-and-resources/glossary,FEDERAL_REGULATOR_IP,HIGH,True,False,,HIGH,ordinary English collision
Secondary Market,secondary market,LEGAL_CONCEPT,U.S. Securities and Exchange Commission — Small Business Capital Formation Glossary,https://www.sec.gov/resources-small-businesses/glossary,FEDERAL_REGULATOR_SECURITIES,HIGH,True,False,,MEDIUM,finance collision
Section 341 meeting,section 341 meeting,PROCESS_EVENT|COURT_PROCEDURE,U.S. Courts — Glossary of Legal Terms,https://www.uscourts.gov/glossary,FEDERAL_JUDICIARY_GLOSSARY,HIGH,True,False,,LOW,bankruptcy
Section 4(a)(2),section 4(a)(2),LEGAL_CONCEPT,U.S. Securities and Exchange Commission — Small Business Capital Formation Glossary,https://www.sec.gov/resources-small-businesses/glossary,FEDERAL_REGULATOR_SECURITIES,HIGH,True,False,,MEDIUM,securities-law section shorthand
Secured creditor,secured creditor,ROLE|LEGAL_CONCEPT,U.S. Courts — Glossary of Legal Terms,https://www.uscourts.gov/glossary,FEDERAL_JUDICIARY_GLOSSARY,HIGH,True,False,,LOW,
Secured debt,secured debt,LEGAL_CONCEPT,U.S. Courts — Glossary of Legal Terms,https://www.uscourts.gov/glossary,FEDERAL_JUDICIARY_GLOSSARY,HIGH,True,False,,LOW,
Senior judge,senior judge,ROLE,U.S. Courts — Glossary of Legal Terms,https://www.uscourts.gov/glossary,FEDERAL_JUDICIARY_GLOSSARY,HIGH,True,False,,LOW,
Sentence,sentence,LEGAL_CONCEPT|PROCESS_EVENT,U.S. Courts — Glossary of Legal Terms,https://www.uscourts.gov/glossary,FEDERAL_JUDICIARY_GLOSSARY,HIGH,True,False,,HIGH,language/ordinary collision
Sentencing guidelines,sentencing guidelines,DOCUMENT|LEGAL_CONCEPT,U.S. Courts — Glossary of Legal Terms,https://www.uscourts.gov/glossary,FEDERAL_JUDICIARY_GLOSSARY,HIGH,True,False,,LOW,
Sequester,sequester,COURT_PROCEDURE,U.S. Courts — Glossary of Legal Terms,https://www.uscourts.gov/glossary,FEDERAL_JUDICIARY_GLOSSARY,HIGH,True,False,,MEDIUM,ordinary verb collision
service mark,service mark,LEGAL_CONCEPT,U.S. Patent and Trademark Office — Glossary,https://www.uspto.gov/learning-and-resources/glossary,FEDERAL_REGULATOR_IP,HIGH,True,False,,LOW,
Service of process,service of process,COURT_PROCEDURE,U.S. Courts — Glossary of Legal Terms,https://www.uscourts.gov/glossary,FEDERAL_JUDICIARY_GLOSSARY,HIGH,True,False,,LOW,
service provider,service provider,ROLE|ORGANIZATION,Federal Trade Commission — Safeguards Rule Small Entity Compliance Guide,https://www.ftc.gov/business-guidance/resources/ftc-safeguards-rule-what-your-business-needs-know,FEDERAL_REGULATOR_PRIVACY_SECURITY,HIGH,True,False,,HIGH,ordinary/business collision
Settlement,settlement,PROCESS_EVENT|LEGAL_CONCEPT,U.S. Courts — Glossary of Legal Terms,https://www.uscourts.gov/glossary,FEDERAL_JUDICIARY_GLOSSARY,HIGH,True,False,,MEDIUM,ordinary/cross-domain collision
settlement conference,settlement conference,PROCESS_EVENT|COURT_PROCEDURE,"U.S. District Court, Northern District of California — Settlement Conferences",https://cand.uscourts.gov/about-court/court-programs-services/alternative-dispute-resolution-adr/settlement-conferences,FEDERAL_DISTRICT_COURT_ADR,HIGH,True,False,,LOW,
Sister-State Judgment,sister-state judgment,DOCUMENT|LEGAL_CONCEPT,"Superior Court of California, County of San Bernardino — Glossary of Civil Terms",https://sanbernardino.courts.ca.gov/divisions/civil/glossary-civil-terms,STATE_JUDICIARY_GLOSSARY,HIGH,True,False,,LOW,
Standard of proof,standard of proof,LEGAL_CONCEPT,U.S. Courts — Glossary of Legal Terms,https://www.uscourts.gov/glossary,FEDERAL_JUDICIARY_GLOSSARY,HIGH,True,False,,LOW,
State Securities Regulators,state securities regulators,ORGANIZATION|ROLE,U.S. Securities and Exchange Commission — Small Business Capital Formation Glossary,https://www.sec.gov/resources-small-businesses/glossary,FEDERAL_REGULATOR_SECURITIES,HIGH,True,False,,LOW,
Statement of Damages,statement of damages,DOCUMENT,"Superior Court of California, County of San Bernardino — Glossary of Civil Terms",https://sanbernardino.courts.ca.gov/divisions/civil/glossary-civil-terms,STATE_JUDICIARY_GLOSSARY,HIGH,True,False,,LOW,
Statement of financial affairs,statement of financial affairs,DOCUMENT,U.S. Courts — Glossary of Legal Terms,https://www.uscourts.gov/glossary,FEDERAL_JUDICIARY_GLOSSARY,HIGH,True,False,,LOW,bankruptcy
Statement of intention,statement of intention,DOCUMENT,U.S. Courts — Glossary of Legal Terms,https://www.uscourts.gov/glossary,FEDERAL_JUDICIARY_GLOSSARY,HIGH,True,False,,MEDIUM,bankruptcy
Statute,statute,DOCUMENT|LEGAL_CONCEPT,U.S. Courts — Glossary of Legal Terms,https://www.uscourts.gov/glossary,FEDERAL_JUDICIARY_GLOSSARY,HIGH,True,False,,LOW,
Statute of limitations,statute of limitations,LEGAL_CONCEPT,U.S. Courts — Glossary of Legal Terms,https://www.uscourts.gov/glossary,FEDERAL_JUDICIARY_GLOSSARY,HIGH,True,False,,LOW,
Stock,stock,LEGAL_CONCEPT,U.S. Securities and Exchange Commission — Small Business Capital Formation Glossary,https://www.sec.gov/resources-small-businesses/glossary,FEDERAL_REGULATOR_SECURITIES,HIGH,True,False,,HIGH,ordinary/finance/name collision
Stock Option,stock option,LEGAL_CONCEPT,U.S. Securities and Exchange Commission — Small Business Capital Formation Glossary,https://www.sec.gov/resources-small-businesses/glossary,FEDERAL_REGULATOR_SECURITIES,HIGH,True,False,,MEDIUM,finance
Stock-Based Compensation,stock-based compensation,LEGAL_CONCEPT,U.S. Securities and Exchange Commission — Small Business Capital Formation Glossary,https://www.sec.gov/resources-small-businesses/glossary,FEDERAL_REGULATOR_SECURITIES,HIGH,True,False,,MEDIUM,employment/securities
Sua sponte,sua sponte,COURT_PROCEDURE,U.S. Courts — Glossary of Legal Terms,https://www.uscourts.gov/glossary,FEDERAL_JUDICIARY_GLOSSARY,HIGH,True,False,,LOW,Latin phrase
Subordination,subordination,LEGAL_CONCEPT,U.S. Courts — Glossary of Legal Terms,https://www.uscourts.gov/glossary,FEDERAL_JUDICIARY_GLOSSARY,HIGH,True,False,,MEDIUM,finance collision
Subpoena,subpoena,DOCUMENT|COURT_PROCEDURE,U.S. Courts — Glossary of Legal Terms,https://www.uscourts.gov/glossary,FEDERAL_JUDICIARY_GLOSSARY,HIGH,True,False,,LOW,
Subpoena duces tecum,subpoena duces tecum,DOCUMENT|COURT_PROCEDURE,U.S. Courts — Glossary of Legal Terms,https://www.uscourts.gov/glossary,FEDERAL_JUDICIARY_GLOSSARY,HIGH,True,False,,LOW,Latin phrase
Substantive consolidation,substantive consolidation,COURT_PROCEDURE|LEGAL_CONCEPT,U.S. Courts — Glossary of Legal Terms,https://www.uscourts.gov/glossary,FEDERAL_JUDICIARY_GLOSSARY,HIGH,True,False,,LOW,bankruptcy
Substituted Service,substituted service,COURT_PROCEDURE,"Superior Court of California, County of San Bernardino — Glossary of Civil Terms",https://sanbernardino.courts.ca.gov/divisions/civil/glossary-civil-terms,STATE_JUDICIARY_GLOSSARY,HIGH,True,False,,LOW,
Summary judgment,summary judgment,COURT_PROCEDURE|LEGAL_CONCEPT,U.S. Courts — Glossary of Legal Terms,https://www.uscourts.gov/glossary,FEDERAL_JUDICIARY_GLOSSARY,HIGH,True,False,,LOW,
Summons,summons,DOCUMENT|COURT_PROCEDURE,"Superior Court of California, County of San Bernardino — Glossary of Civil Terms",https://sanbernardino.courts.ca.gov/divisions/civil/glossary-civil-terms,STATE_JUDICIARY_GLOSSARY,HIGH,True,False,,LOW,
Supporting Declaration,supporting declaration,DOCUMENT,"U.S. District Court, Northern District of California — E-Filing Case Documents",https://cand.uscourts.gov/cases-e-filing/cmecf-information/e-filing-case-documents,FEDERAL_DISTRICT_COURT_PROCEDURE,HIGH,True,False,,MEDIUM,
Tangible Asset,tangible asset,OTHER_DOMAIN_TERM,U.S. Securities and Exchange Commission — Small Business Capital Formation Glossary,https://www.sec.gov/resources-small-businesses/glossary,FEDERAL_REGULATOR_SECURITIES,HIGH,True,False,,HIGH,accounting collision
Temporary restraining order,temporary restraining order,DOCUMENT|COURT_PROCEDURE,U.S. Courts — Glossary of Legal Terms,https://www.uscourts.gov/glossary,FEDERAL_JUDICIARY_GLOSSARY,HIGH,True,False,,LOW,
Testimony,testimony,PROCESS_EVENT|LEGAL_CONCEPT,U.S. Courts — Glossary of Legal Terms,https://www.uscourts.gov/glossary,FEDERAL_JUDICIARY_GLOSSARY,HIGH,True,False,,MEDIUM,
Tokenized Security,tokenized security,LEGAL_CONCEPT,U.S. Securities and Exchange Commission — Small Business Capital Formation Glossary,https://www.sec.gov/resources-small-businesses/glossary,FEDERAL_REGULATOR_SECURITIES,HIGH,True,False,,MEDIUM,technology collision
Toll,toll,LEGAL_CONCEPT,U.S. Courts — Glossary of Legal Terms,https://www.uscourts.gov/glossary,FEDERAL_JUDICIARY_GLOSSARY,HIGH,True,False,,HIGH,ordinary English collision
Tort,tort,LEGAL_CONCEPT,U.S. Courts — Glossary of Legal Terms,https://www.uscourts.gov/glossary,FEDERAL_JUDICIARY_GLOSSARY,HIGH,True,False,,LOW,
trademark,trademark,LEGAL_CONCEPT,U.S. Patent and Trademark Office — Glossary,https://www.uspto.gov/learning-and-resources/glossary,FEDERAL_REGULATOR_IP,HIGH,True,False,,LOW,
trademark application,trademark application,DOCUMENT,U.S. Patent and Trademark Office — Glossary,https://www.uspto.gov/learning-and-resources/glossary,FEDERAL_REGULATOR_IP,HIGH,True,False,,LOW,
trademark examining attorney,trademark examining attorney,ROLE,U.S. Patent and Trademark Office — Glossary,https://www.uspto.gov/learning-and-resources/glossary,FEDERAL_REGULATOR_IP,HIGH,True,False,,LOW,
trademark registration,trademark registration,DOCUMENT|LEGAL_CONCEPT,U.S. Patent and Trademark Office — Glossary,https://www.uspto.gov/learning-and-resources/glossary,FEDERAL_REGULATOR_IP,HIGH,True,False,,LOW,
Trademark Trial and Appeal Board (TTAB),trademark trial and appeal board (ttab),ORGANIZATION,U.S. Patent and Trademark Office — Glossary,https://www.uspto.gov/learning-and-resources/glossary,FEDERAL_REGULATOR_IP,HIGH,True,False,,LOW,
Transcript,transcript,DOCUMENT,U.S. Courts — Glossary of Legal Terms,https://www.uscourts.gov/glossary,FEDERAL_JUDICIARY_GLOSSARY,HIGH,True,False,,MEDIUM,cross-domain
Transfer,transfer,PROCESS_EVENT|LEGAL_CONCEPT,U.S. Courts — Glossary of Legal Terms,https://www.uscourts.gov/glossary,FEDERAL_JUDICIARY_GLOSSARY,HIGH,True,False,,HIGH,ordinary/cross-domain collision
Treasury Stock,treasury stock,LEGAL_CONCEPT,U.S. Securities and Exchange Commission — Small Business Capital Formation Glossary,https://www.sec.gov/resources-small-businesses/glossary,FEDERAL_REGULATOR_SECURITIES,HIGH,True,False,,MEDIUM,finance collision
Trial de Novo,trial de novo,COURT_PROCEDURE,"Superior Court of California, County of San Bernardino — Glossary of Civil Terms",https://sanbernardino.courts.ca.gov/divisions/civil/glossary-civil-terms,STATE_JUDICIARY_GLOSSARY,HIGH,True,False,,LOW,
Trustee,trustee,ROLE,U.S. Courts — Glossary of Legal Terms,https://www.uscourts.gov/glossary,FEDERAL_JUDICIARY_GLOSSARY,HIGH,True,False,,HIGH,trust/business collision
U.S. attorney,u.s. attorney,ROLE,U.S. Courts — Glossary of Legal Terms,https://www.uscourts.gov/glossary,FEDERAL_JUDICIARY_GLOSSARY,HIGH,True,False,,MEDIUM,government title
U.S. trustee,u.s. trustee,ROLE,U.S. Courts — Glossary of Legal Terms,https://www.uscourts.gov/glossary,FEDERAL_JUDICIARY_GLOSSARY,HIGH,True,False,,LOW,
unauthorized acquisition,unauthorized acquisition,LEGAL_CONCEPT,Federal Trade Commission — Safeguards Rule Small Entity Compliance Guide,https://www.ftc.gov/business-guidance/resources/ftc-safeguards-rule-what-your-business-needs-know,FEDERAL_REGULATOR_PRIVACY_SECURITY,HIGH,True,False,,LOW,privacy/security
Undersecured claim,undersecured claim,LEGAL_CONCEPT,U.S. Courts — Glossary of Legal Terms,https://www.uscourts.gov/glossary,FEDERAL_JUDICIARY_GLOSSARY,HIGH,True,False,,LOW,
undue hardship,undue hardship,LEGAL_CONCEPT,U.S. Court of Appeals for the Ninth Circuit — Glossary of Legal Terms,https://www.ca9.uscourts.gov/guides-resources/glossary/,FEDERAL_APPELLATE_COURT,HIGH,True,False,,MEDIUM,cross-domain
Undue hardship (bankruptcy),undue hardship (bankruptcy),LEGAL_CONCEPT,U.S. Courts — Glossary of Legal Terms,https://www.uscourts.gov/glossary,FEDERAL_JUDICIARY_GLOSSARY,HIGH,True,False,,LOW,
Unlawful detainer action,unlawful detainer action,COURT_PROCEDURE,U.S. Courts — Glossary of Legal Terms | U.S. Court of Appeals for the Ninth Circuit — Glossary of Legal Terms,https://www.uscourts.gov/glossary | https://www.ca9.uscourts.gov/guides-resources/glossary/,FEDERAL_JUDICIARY_GLOSSARY | FEDERAL_APPELLATE_COURT,HIGH | HIGH,True,False,,LOW,multiple independent source attestations
Unliquidated claim,unliquidated claim,LEGAL_CONCEPT,U.S. Courts — Glossary of Legal Terms,https://www.uscourts.gov/glossary,FEDERAL_JUDICIARY_GLOSSARY,HIGH,True,False,,LOW,
Unredacted Version,unredacted version,DOCUMENT,"U.S. District Court, Northern District of California — E-Filing Case Documents",https://cand.uscourts.gov/cases-e-filing/cmecf-information/e-filing-case-documents,FEDERAL_DISTRICT_COURT_PROCEDURE,HIGH,True,False,,MEDIUM,
Unscheduled debt,unscheduled debt,LEGAL_CONCEPT,U.S. Courts — Glossary of Legal Terms,https://www.uscourts.gov/glossary,FEDERAL_JUDICIARY_GLOSSARY,HIGH,True,False,,LOW,
Unsecured claim,unsecured claim,LEGAL_CONCEPT,U.S. Courts — Glossary of Legal Terms,https://www.uscourts.gov/glossary,FEDERAL_JUDICIARY_GLOSSARY,HIGH,True,False,,LOW,
Uphold,uphold,COURT_PROCEDURE|PROCESS_EVENT,U.S. Courts — Glossary of Legal Terms,https://www.uscourts.gov/glossary,FEDERAL_JUDICIARY_GLOSSARY,HIGH,True,False,,HIGH,ordinary verb collision
use in commerce,use in commerce,LEGAL_CONCEPT,U.S. Patent and Trademark Office — Glossary,https://www.uspto.gov/learning-and-resources/glossary,FEDERAL_REGULATOR_IP,HIGH,True,False,,LOW,trademark
Venue,venue,LEGAL_CONCEPT,"Superior Court of California, County of San Bernardino — Glossary of Civil Terms",https://sanbernardino.courts.ca.gov/divisions/civil/glossary-civil-terms,STATE_JUDICIARY_GLOSSARY,HIGH,True,False,,HIGH,ordinary/geographic collision
verdict,verdict,DOCUMENT|PROCESS_EVENT,U.S. Department of Justice — Justice 101 Legal Terms Glossary,https://www.justice.gov/usao/justice-101/glossary,DOJ_GLOSSARY,HIGH,True,False,,MEDIUM,
Warrant,warrant,DOCUMENT|COURT_PROCEDURE,"Superior Court of California, County of San Bernardino — Glossary of Civil Terms",https://sanbernardino.courts.ca.gov/divisions/civil/glossary-civil-terms,STATE_JUDICIARY_GLOSSARY,HIGH,True,False,,MEDIUM,
witness,witness,ROLE,U.S. Department of Justice — Justice 101 Legal Terms Glossary,https://www.justice.gov/usao/justice-101/glossary,DOJ_GLOSSARY,HIGH,True,False,,HIGH,ordinary/professional collision
Writ,writ,DOCUMENT|COURT_PROCEDURE,"Superior Court of California, County of San Bernardino — Glossary of Civil Terms",https://sanbernardino.courts.ca.gov/divisions/civil/glossary-civil-terms,STATE_JUDICIARY_GLOSSARY,HIGH,True,False,,LOW,
Writ of Execution,writ of execution,DOCUMENT|COURT_PROCEDURE,"Superior Court of California, County of San Bernardino — Glossary of Civil Terms",https://sanbernardino.courts.ca.gov/divisions/civil/glossary-civil-terms,STATE_JUDICIARY_GLOSSARY,HIGH,True,False,,LOW,
Writ of Habeas Corpus,writ of habeas corpus,DOCUMENT|COURT_PROCEDURE,"Superior Court of California, County of San Bernardino — Glossary of Civil Terms",https://sanbernardino.courts.ca.gov/divisions/civil/glossary-civil-terms,STATE_JUDICIARY_GLOSSARY,HIGH,True,False,,LOW,
Writ of Mandate,writ of mandate,DOCUMENT|COURT_PROCEDURE,"Superior Court of California, County of San Bernardino — Glossary of Civil Terms",https://sanbernardino.courts.ca.gov/divisions/civil/glossary-civil-terms,STATE_JUDICIARY_GLOSSARY,HIGH,True,False,,LOW,
Writ of Prohibition,writ of prohibition,DOCUMENT|COURT_PROCEDURE,"Superior Court of California, County of San Bernardino — Glossary of Civil Terms",https://sanbernardino.courts.ca.gov/divisions/civil/glossary-civil-terms,STATE_JUDICIARY_GLOSSARY,HIGH,True,False,,LOW,
written discovery,written discovery,COURT_PROCEDURE,California Courts Self-Help — Civil Discovery,https://selfhelp.courts.ca.gov/discovery-civil/request,STATE_JUDICIARY_PROCEDURE,HIGH,True,False,,MEDIUM,
ADR,adr,LEGAL_CONCEPT,U.S. Courts — Glossary of Legal Terms,https://www.uscourts.gov/glossary,FEDERAL_JUDICIARY_GLOSSARY,HIGH,False,True,Alternative dispute resolution (ADR),HIGH,standard acronym from source form
alternative dispute resolution,alternative dispute resolution,LEGAL_CONCEPT|PROCESS_EVENT,U.S. Courts — Glossary of Legal Terms,https://www.uscourts.gov/glossary,FEDERAL_JUDICIARY_GLOSSARY,HIGH,False,True,Alternative dispute resolution (ADR),LOW,parenthetical acronym removed
AO,ao,ORGANIZATION,U.S. Courts — Glossary of Legal Terms,https://www.uscourts.gov/glossary,FEDERAL_JUDICIARY_GLOSSARY,HIGH,False,True,Administrative Office of the United States Courts (AO),HIGH,standard acronym from source form
BDC,bdc,ORGANIZATION|LEGAL_CONCEPT,U.S. Securities and Exchange Commission — Small Business Capital Formation Glossary,https://www.sec.gov/resources-small-businesses/glossary,FEDERAL_REGULATOR_SECURITIES,HIGH,False,True,Business Development Company (BDC),HIGH,standard acronym from source form
CM/ECF,cm/ecf,OTHER_DOMAIN_TERM,PACER — Federal Court Records / CM/ECF FAQs,https://pacer.uscourts.gov/help/faqs/what-cmecf,FEDERAL_COURT_EFILING,HIGH,False,True,Case Management/Electronic Case Files (CM/ECF),MEDIUM,standard system acronym
cross complaint,cross complaint,DOCUMENT|COURT_PROCEDURE,"Superior Court of California, County of San Bernardino — Glossary of Civil Terms",https://sanbernardino.courts.ca.gov/divisions/civil/glossary-civil-terms,STATE_JUDICIARY_GLOSSARY,HIGH,False,True,Cross-Complaint,LOW,hyphen removal
NDA,nda,DOCUMENT,PACER — Notice of Electronic Filing / Notice of Docket Activity FAQ,https://pacer.uscourts.gov/help/faqs/files-pleading-court-automatically-serve-notification,FEDERAL_COURT_EFILING,HIGH,False,True,Notice of Docket Activity (NDA),HIGH,standard acronym; collides with nondisclosure agreement
NEF,nef,DOCUMENT,PACER — Notice of Electronic Filing / Notice of Docket Activity FAQ,https://pacer.uscourts.gov/help/faqs/files-pleading-court-automatically-serve-notification,FEDERAL_COURT_EFILING,HIGH,False,True,Notice of Electronic Filing (NEF),HIGH,standard acronym from source form
no asset case,no asset case,LEGAL_CONCEPT,U.S. Courts — Glossary of Legal Terms,https://www.uscourts.gov/glossary,FEDERAL_JUDICIARY_GLOSSARY,HIGH,False,True,No-asset case,LOW,hyphen removal
no contest,no contest,LEGAL_CONCEPT|COURT_PROCEDURE,U.S. Courts — Glossary of Legal Terms,https://www.uscourts.gov/glossary,FEDERAL_JUDICIARY_GLOSSARY,HIGH,False,True,Nolo contendere,MEDIUM,explicit alias in U.S. Courts definition
NOA,noa,DOCUMENT,U.S. Patent and Trademark Office — Glossary,https://www.uspto.gov/learning-and-resources/glossary,FEDERAL_REGULATOR_IP,HIGH,False,True,notice of allowance (NOA) (trademarks),HIGH,standard acronym; many nonlegal meanings
non-exempt assets,non-exempt assets,LEGAL_CONCEPT,U.S. Courts — Glossary of Legal Terms,https://www.uscourts.gov/glossary,FEDERAL_JUDICIARY_GLOSSARY,HIGH,False,True,Nonexempt assets,LOW,mechanical hyphen variant
pro-se,pro-se,ROLE|LEGAL_CONCEPT,U.S. Courts — Glossary of Legal Terms,https://www.uscourts.gov/glossary,FEDERAL_JUDICIARY_GLOSSARY,HIGH,False,True,Pro se,MEDIUM,punctuation variant
RBIC,rbic,ORGANIZATION|LEGAL_CONCEPT,U.S. Securities and Exchange Commission — Small Business Capital Formation Glossary,https://www.sec.gov/resources-small-businesses/glossary,FEDERAL_REGULATOR_SECURITIES,HIGH,False,True,Rural Business Investment Company (RBIC),HIGH,standard acronym from source form
sister state judgment,sister state judgment,DOCUMENT|LEGAL_CONCEPT,"Superior Court of California, County of San Bernardino — Glossary of Civil Terms",https://sanbernardino.courts.ca.gov/divisions/civil/glossary-civil-terms,STATE_JUDICIARY_GLOSSARY,HIGH,False,True,Sister-State Judgment,LOW,hyphen removal
TRO,tro,DOCUMENT|COURT_PROCEDURE,U.S. Courts — Glossary of Legal Terms,https://www.uscourts.gov/glossary,FEDERAL_JUDICIARY_GLOSSARY,HIGH,False,True,Temporary restraining order,HIGH,standard abbreviation attested in source definition
TTAB,ttab,ORGANIZATION,U.S. Patent and Trademark Office — Glossary,https://www.uspto.gov/learning-and-resources/glossary,FEDERAL_REGULATOR_IP,HIGH,False,True,Trademark Trial and Appeal Board (TTAB),MEDIUM,standard acronym from source form
